Date,Accident_Index_x,Location_Easting_OSGR,Location_Northing_OSGR,Longitude,Latitude,Police_Force,Accident_Severity,Number_of_Vehicles,Number_of_Casualties,Day_of_Week,Time,Local_Authority_(District),Local_Authority_(Highway),1st_Road_Class,1st_Road_Number,Road_Type,Speed_limit,Junction_Detail,Junction_Control,2nd_Road_Class,2nd_Road_Number,Pedestrian_Crossing-Human_Control,Pedestrian_Crossing-Physical_Facilities,Light_Conditions,Weather_Conditions,Road_Surface_Conditions,Special_Conditions_at_Site,Carriageway_Hazards,Urban_or_Rural_Area,Did_Police_Officer_Attend_Scene_of_Accident,LSOA_of_Accident_Location,Accident_Index_y,Vehicle_Reference,Casualty_Reference,Casualty_Class,Sex_of_Casualty,Age_of_Casualty,Age_Band_of_Casualty,Casualty_Severity,Pedestrian_Location,Pedestrian_Movement,Car_Passenger,Bus_or_Coach_Passenger,Pedestrian_Road_Maintenance_Worker,Casualty_Type,Casualty_Home_Area_Type,city
2015-01-28,2015621500185,309067.0,195700.0,-3.315816,51.65271,62,3,2,2,4,18:43,744,W06000016,3,470,3,30,1,4,3,472,0,0,4,1,1,0,0,2,1,W01001146,201242I265007,1,1,2,2,15,3,3,0,0,1,0,0,9,1,
2015-01-28,2015100043415,439952.0,559539.0,-1.378088,54.928942,10,3,3,3,4,16:00,150,E08000024,6,5350,6,30,6,4,6,5350,0,0,1,1,1,0,0,1,1,E01008727,201205AA01798,2,4,2,1,17,4,3,0,0,2,0,0,9,1,Sunderland
2015-01-28,2015075026769,343729.0,360531.0,-2.842625,53.138945,7,3,2,2,4,10:20,130,E06000050,6,0,6,50,0,-1,-1,0,0,0,1,2,2,0,0,2,2,E01018371,201204DL12115,2,3,2,2,59,9,3,0,0,1,0,0,9,1,
2015-01-28,2015160D01281,513413.0,431654.0,-0.280782,53.768891,16,3,1,1,4,08:20,228,E06000010,3,165,3,30,3,4,6,0,0,4,1,5,2,0,0,1,2,E01012827,2012100315712,2,1,1,2,19,4,3,0,0,0,0,0,9,1,Hull
2015-01-28,201501TX20043,519360.0,178430.0,-0.282108,51.492226,1,2,2,2,4,09:00,25,E09000018,3,406,6,30,0,-1,-1,0,0,1,1,2,2,0,0,1,1,E01002692,201201RG40226,2,1,1,1,27,6,2,0,0,0,0,0,3,1,London
2015-01-28,20151321T0911,415769.0,434182.0,-1.762047,53.8037,13,3,2,2,4,17:10,200,E08000032,3,650,6,30,0,-1,-1,0,0,0,4,3,2,0,0,1,2,E01010842,201206G062826,1,6,2,2,54,8,3,0,0,0,4,0,11,-1,Bradford
2015-01-28,2015075025375,374777.0,358267.0,-2.378341,53.120975,7,3,2,1,4,07:09,129,E06000049,3,534,1,60,1,4,5,633,0,0,6,1,2,0,0,2,1,E01018443,201204DL12108,2,4,2,1,86,11,3,0,0,1,0,0,9,1,
2015-01-28,201501VK30021,519670.0,169620.0,-0.280622,51.412981,1,3,2,2,4,18:12,23,E09000021,3,238,6,30,6,2,5,0,0,5,4,1,2,0,0,1,1,E01002954,201201RY10346,1,1,1,1,57,9,3,0,0,0,0,0,9,1,London
2015-01-28,2015540885015,425301.0,166901.0,-1.637689,51.400581,54,3,2,1,4,08:40,635,E06000054,5,74,6,60,3,4,6,0,0,0,1,2,2,0,0,2,1,E01031843,20124100D0725,2,1,2,2,14,3,3,0,0,1,0,0,9,1,
2015-01-28,201520K002115,399180.0,289350.0,-2.013509,52.50205,20,3,1,1,4,08:53,305,E08000028,3,457,3,40,6,4,6,0,0,0,1,1,2,0,0,1,1,E01010017,201211SJ00132,1,1,1,1,42,7,3,0,0,0,0,0,9,1,Sandwell
2015-01-28,201520K002065,398010.0,292700.0,-2.030766,52.532163,20,3,2,1,4,17:40,305,E08000028,3,41,3,30,1,2,6,0,0,0,4,1,1,0,0,1,2,E01010095,201211SJ00052,1,9,2,2,6,2,3,0,0,0,0,0,10,1,Sandwell
2015-01-28,2015100046715,425173.0,564170.0,-1.608299,54.971517,10,3,2,2,4,08:50,147,E08000021,2,167,3,50,0,-1,-1,0,0,0,1,1,2,0,0,1,2,E01033543,201205AA01938,1,1,1,1,25,5,3,0,0,0,0,0,9,1,Newcastle upon Tyne
2015-01-28,201563BC01615,269530.0,281070.0,-3.919616,52.412025,63,3,4,1,4,09:40,750,W06000008,3,44,6,40,0,-1,-1,0,0,0,1,1,2,0,0,2,1,W01000543,201243N105102,1,1,1,2,80,11,3,0,0,0,0,0,9,2,
2015-01-28,201501RG40151,537930.0,177690.0,-0.015072,51.481355,1,3,2,1,4,19:45,6,E09000011,3,200,6,30,3,4,4,208,0,0,1,1,1,0,0,1,1,E01033730,201201PL60620,1,1,1,2,-1,-1,3,0,0,0,0,0,9,1,London
2015-01-28,2015621500177,302117.0,167478.0,-3.408395,51.397862,62,3,3,1,4,08:29,740,W06000013,4,4265,6,40,0,-1,-1,0,0,0,1,5,2,4,0,2,1,W01001121,201242I264408,1,1,1,1,17,4,3,0,0,0,0,0,9,1,
2015-01-28,2015160B00611,478375.0,409480.0,-0.817815,53.576073,16,3,2,3,4,18:32,232,E06000013,3,161,6,60,0,-1,-1,0,0,0,6,4,1,0,0,2,1,E01013242,2012100096812,2,1,1,1,41,7,3,0,0,0,0,0,9,1,
2015-01-28,201504EG15009,386070.0,438350.0,-2.213183,53.841207,4,3,3,1,4,16:32,77,E10000017,6,0,6,20,6,4,6,0,0,0,1,3,2,3,0,1,1,E01025182,201201XH30542,2,1,1,2,44,7,3,0,0,0,0,0,9,1,Pendle
2015-01-28,201514A014315,462156.0,395142.0,-1.06556,53.449384,14,2,3,3,4,05:53,211,E08000017,4,6463,6,60,0,-1,-1,0,0,0,6,1,2,0,0,2,1,E01007609,2012070099310,2,2,2,2,69,10,3,0,0,1,0,0,9,1,Doncaster
2015-01-28,2015300012182,449070.0,374780.0,-1.265732,53.267751,30,3,2,1,4,10:10,321,E10000007,4,6417,6,30,3,4,6,0,0,0,1,1,1,0,0,2,1,E01019494,2012130506019,1,1,1,1,30,6,3,0,0,0,0,0,1,1,Bolsover
2015-01-28,2015540896815,412435.0,178538.0,-1.82223,51.50564,54,3,2,1,4,06:50,633,E06000030,3,4361,6,60,6,4,6,0,0,0,6,5,2,0,0,2,2,E01015585,20124100D0726,1,1,1,2,18,4,3,0,0,0,0,0,9,2,
2015-01-28,2015460252426,620800.0,157480.0,1.16419,51.273667,46,3,2,1,4,08:23,531,E10000016,3,257,6,30,8,4,-1,-1,0,1,1,2,2,0,0,2,1,E01024085,201232N204012,1,1,1,1,16,4,2,0,0,0,0,0,2,2,Canterbury
2015-01-28,2015621500178,285007.0,191989.0,-3.662237,51.614946,62,3,3,1,4,13:09,740,W06000013,6,0,6,30,3,4,6,0,0,0,1,1,1,0,0,1,1,W01000995,201242I264408,1,2,2,1,17,4,3,0,0,1,0,0,9,1,
2015-01-28,2015100047815,419045.0,563533.0,-1.704066,54.966063,10,3,2,1,4,08:30,146,E08000020,3,695,3,50,0,-1,-1,0,0,0,1,2,2,0,0,1,2,E01008181,201205AA01974,1,1,3,2,24,5,3,4,2,0,0,0,0,1,Gateshead
2015-01-28,201543P298015,453724.0,203170.0,-1.223608,51.724685,43,3,2,1,4,13:29,482,E10000025,3,4142,1,30,1,4,3,4158,0,0,1,1,1,0,0,1,1,E01028553,2012232591312,2,1,1,1,39,7,2,0,0,0,0,0,5,2,Oxford
2015-01-28,2015621500181,266917.0,198056.0,-3.925672,51.665476,62,3,1,1,4,15:51,745,W06000011,4,4603,6,30,3,4,6,0,0,0,1,1,1,0,0,1,1,W01000813,201242I264708,2,1,1,2,72,10,3,0,0,0,0,0,9,1,
2015-01-28,2015540909715,409919.0,177292.0,-1.858514,51.494486,54,3,2,1,4,19:04,635,E06000054,5,415,6,60,0,-1,-1,0,0,0,6,1,1,0,0,2,1,E01031884,20124100D0727,2,1,1,2,44,7,3,0,0,0,0,0,9,1,
2015-01-28,2015460252445,630770.0,143680.0,1.29801,51.145838,46,3,1,1,4,14:50,533,E10000016,6,3301,6,30,3,4,6,0,0,0,1,1,1,0,0,1,1,E01024196,201232N205712,2,1,2,2,36,7,3,0,0,1,0,0,9,-1,
2015-01-28,2015521502832,372834.0,164482.0,-2.391711,51.378734,52,3,2,1,4,16:55,611,E06000022,6,0,6,30,3,4,6,0,0,0,4,1,1,0,0,1,1,E01014461,2012400CA0999,2,1,1,1,29,6,3,0,0,0,0,0,9,1,Bath
2015-01-28,2015621500193,300125.0,202923.0,-3.447098,51.716113,62,3,2,1,4,12:21,744,W06000016,3,4233,1,30,1,4,6,0,0,0,1,6,3,0,0,1,1,W01001148,201242I265808,2,1,1,2,62,9,2,0,0,0,0,0,2,-1,
2015-01-28,2015460252590,635730.0,171090.0,1.38685,51.389856,46,3,1,1,4,09:28,541,E10000016,4,2055,6,30,0,-1,-1,0,0,0,1,1,1,0,0,1,2,E01024678,201232N222112,1,5,2,1,5,1,3,0,0,2,0,0,9,2,Thanet
2015-01-28,201501KF60355,540930.0,185060.0,0.031046,51.546842,1,3,2,1,4,18:20,17,E09000025,4,167,6,30,6,2,3,118,0,5,4,1,1,0,0,1,1,E01003570,201201HT29027,2,1,2,2,46,8,3,0,0,2,0,0,8,1,London
2015-01-28,20151321S1315,431198.0,431471.0,-1.528056,53.778642,13,3,1,3,4,18:33,204,E08000035,6,0,6,30,3,4,6,0,2,4,4,6,3,0,0,1,1,E01011467,201206G062393,2,1,1,1,35,6,3,0,0,0,0,0,5,-1,Leeds
2015-01-28,20151321S1344,410868.0,416282.0,-1.837085,53.642939,13,3,2,2,4,18:55,203,E08000034,6,0,6,30,6,4,6,0,0,0,4,6,3,0,0,1,1,E01011150,201206G062398,1,1,3,1,31,6,3,9,5,0,0,2,0,1,Kirklees
2015-01-28,2015331500137,455966.0,308465.0,-1.173791,52.671013,33,3,1,1,4,19:30,364,E06000016,6,2718,6,30,3,4,6,2710,0,0,4,4,2,0,0,1,2,E01013618,2012160C00701,1,1,1,2,22,5,3,0,0,0,0,0,9,2,Leicester
2015-01-28,20151321S1543,415306.0,431409.0,-1.769214,53.77879,13,3,2,2,4,21:15,200,E08000032,6,0,6,30,0,-1,-1,0,0,0,4,3,4,0,0,1,2,E01010739,201206G062414,2,1,1,2,60,9,3,0,0,0,0,0,9,1,Bradford
2015-01-28,20151321S1578,438577.0,419065.0,-1.417628,53.666649,13,3,3,2,4,21:30,206,E08000036,3,645,6,40,0,-1,-1,0,0,0,4,3,3,0,0,2,1,E01011817,201206G062606,1,1,1,2,28,6,3,0,0,0,0,0,9,1,Wakefield
2015-01-28,201514C008615,444860.0,399296.0,-1.325378,53.488472,14,3,2,2,4,07:45,213,E08000018,3,6022,6,30,6,2,6,0,0,0,1,2,2,0,0,1,1,E01007799,2012070223451,2,4,2,1,19,4,3,0,0,2,0,0,9,1,Rotherham
2015-01-28,20151321S1721,431830.0,430451.0,-1.51857,53.769436,13,3,1,1,4,23:00,204,E08000035,1,621,7,50,5,4,3,639,0,0,4,1,2,0,0,1,1,E01011469,201206G062606,2,2,1,2,72,10,3,0,0,0,0,0,9,1,Leeds
2015-01-28,2015331500149,455058.0,304725.0,-1.18784,52.637487,33,3,2,1,4,08:45,364,E06000016,3,563,6,30,0,-1,-1,0,0,0,1,2,2,0,0,1,1,E01013785,2012160C00791,1,1,3,1,79,11,2,8,3,0,0,0,0,2,Leicester
2015-01-28,201501CW10278,527370.0,181170.0,-0.165804,51.515104,1,3,2,1,4,07:45,1,E09000033,6,0,6,30,6,4,6,0,0,0,1,1,1,0,0,1,2,E01004686,201197UA04111,2,1,2,2,19,4,3,0,0,1,0,0,9,1,City of Westminster
2015-01-28,2015331500162,470040.0,319281.0,-0.963391,52.766595,33,3,2,1,4,05:54,365,E10000018,5,7319,6,30,3,4,3,6006,0,0,6,4,2,0,0,2,1,E01025883,2012160C00881,1,1,1,1,28,6,3,0,0,0,0,0,9,1,Melton
2015-01-28,201506K096847,362940.0,411130.0,-2.561417,53.595424,6,3,1,1,4,16:10,100,E08000001,4,5238,6,30,3,4,5,0,0,0,4,2,2,0,0,1,1,E01004779,201204CA12046,1,3,2,1,21,5,3,0,0,1,0,0,9,1,Bolton
2015-01-28,201542I045701,562179.0,181102.0,0.335414,51.505582,42,3,4,1,4,17:17,462,E06000034,3,13,3,70,0,-1,-1,0,0,0,4,1,2,0,0,2,1,E01015977,2012212005985,1,1,1,1,31,6,3,0,0,0,0,0,19,1,
2015-01-28,201504WD15014,332670.0,442330.0,-3.025513,53.872786,4,3,2,1,4,16:35,85,E10000017,3,585,6,60,5,4,6,0,0,0,1,4,1,0,0,1,1,E01025601,201201ZD30407,1,1,3,1,14,3,3,1,1,0,0,2,0,1,Wyre
2015-01-28,2015460252715,578170.0,157550.0,0.553775,51.289212,46,3,3,1,4,09:30,536,E10000016,3,249,3,70,0,-1,-1,0,0,0,1,2,2,0,0,2,1,E01024336,201232N238712,1,1,1,1,43,7,3,0,0,0,0,0,9,-1,
2015-01-28,2015075025452,341803.0,368883.0,-2.872936,53.213804,7,3,1,1,4,08:38,130,E06000050,6,0,6,30,3,4,6,0,0,0,1,5,2,0,0,1,1,E01018380,201204DL12108,5,2,1,1,44,7,3,0,0,0,0,0,9,1,Chester
2015-01-28,2015460252724,601520.0,159660.0,0.8894,51.300384,46,3,3,2,4,06:40,540,E10000016,1,2,3,70,0,-1,-1,0,0,0,1,1,2,0,0,1,1,E01024625,201232N239112,1,1,1,1,50,8,3,0,0,0,0,0,9,2,Swale
2015-01-28,201504WD15037,333710.0,441360.0,-3.009488,53.864203,4,3,2,1,4,16:55,85,E10000017,6,0,1,30,1,4,6,0,0,0,1,1,1,0,0,2,1,E01025552,201201ZD30425,2,1,1,1,41,7,3,0,0,0,0,0,2,1,Wyre
2015-01-28,201543N213015,481823.0,213574.0,-0.814433,51.814817,43,3,2,1,4,15:30,476,E10000002,3,41,3,30,3,2,6,2191,0,5,1,1,1,0,0,1,1,E01032955,201222F203864,2,4,2,1,26,6,3,0,0,1,0,0,9,1,
2015-01-28,201542I046201,560709.0,188809.0,0.317768,51.575241,42,3,3,1,4,19:00,452,E10000012,3,127,3,70,0,-1,-1,0,0,0,4,1,1,0,0,2,1,E01021473,2012212005991,1,4,2,1,27,6,3,0,0,0,0,0,10,-1,Brentwood
2015-01-28,201543N227015,484646.0,216357.0,-0.772812,51.839414,43,2,3,1,4,08:45,476,E10000002,3,418,6,60,0,-1,-1,0,0,0,1,1,2,0,0,2,1,E01017641,201222F204276,1,1,1,1,42,7,3,0,0,0,0,0,5,1,
2015-01-28,2015460252737,550590.0,158700.0,0.15906,51.3075,46,3,2,1,4,20:38,538,E10000016,1,25,3,70,0,-1,-1,0,0,0,6,1,1,0,0,2,1,E01024422,201232N242012,1,1,1,2,19,4,3,0,0,0,0,0,9,3,Sevenoaks
2015-01-28,201506K097005,366580.0,405830.0,-2.505853,53.548033,6,3,2,1,4,08:35,100,E08000001,3,58,6,30,3,4,5,0,0,8,1,5,2,0,0,1,1,E01004893,201204CA12046,2,2,1,1,51,8,3,0,0,0,0,0,9,1,Bolton
2015-01-28,2015051501934,339084.0,388414.0,-2.917402,53.389035,5,2,1,1,4,15:51,91,E08000012,6,0,6,30,3,4,3,562,2,4,1,4,1,5,0,1,1,E01006553,2012030001072,2,1,1,1,24,5,3,0,0,0,0,0,1,1,Liverpool
2015-01-28,201543N217015,481916.0,211972.0,-0.813463,51.800403,43,3,1,1,4,22:10,476,E10000002,5,173,1,30,1,4,5,173,0,8,4,1,2,0,0,1,1,E01017721,201222F203979,1,1,1,2,77,11,3,0,0,0,0,0,9,3,
2015-01-28,2015331500129,441841.0,295438.0,-1.384305,52.555181,33,3,2,1,4,17:15,361,E10000018,5,6103,6,30,1,4,3,47,0,0,4,9,1,0,0,2,2,E01025864,2012160C00651,1,1,1,1,57,9,2,0,0,0,0,0,9,3,Hinckley and Bosworth
2015-01-28,20151321S1218,409076.0,426704.0,-1.863889,53.736646,13,3,1,1,4,17:35,202,E08000033,6,0,6,30,3,4,6,0,0,0,4,5,2,0,0,1,2,E01010934,201206G062386,2,1,1,2,34,6,3,0,0,0,0,0,5,1,Calderdale
2015-01-28,2015460252665,560460.0,169010.0,0.305187,51.397435,46,3,1,1,4,14:00,532,E10000016,4,260,6,30,0,-1,-1,0,0,0,1,1,1,0,0,1,2,E01024158,201232N231912,1,4,3,2,44,7,3,10,9,0,0,0,0,1,Dartford
2015-01-28,201501QA10090,517950.0,191200.0,-0.298131,51.607291,1,3,2,1,4,17:15,29,E09000015,4,461,6,30,0,-1,-1,0,0,0,4,1,1,0,0,1,2,E01002117,201201MM70286,1,1,1,1,31,6,3,0,0,0,0,0,1,1,London
2015-01-28,2015521501434,359176.0,175842.0,-2.589254,51.480052,52,3,1,1,4,06:35,601,E06000023,3,38,6,20,3,4,6,0,0,1,7,1,1,0,0,1,2,E01014508,2012400CA0383,1,1,1,2,37,7,3,0,0,0,0,0,9,1,Bristol
2015-01-28,2015460252596,574850.0,160760.0,0.507784,51.319076,46,3,4,2,4,07:50,542,E10000016,3,229,3,70,0,-1,-1,0,0,0,1,1,2,0,0,2,1,E01024721,201232N222112,2,2,2,2,3,1,3,0,0,2,0,0,9,1,Tonbridge and Malling
2015-01-28,2015460252597,577987.0,172465.0,0.55861,51.423246,46,3,1,1,4,16:15,544,E06000035,6,0,6,30,3,4,6,0,0,0,1,1,1,0,0,2,2,E01016077,201232N222312,1,1,1,1,33,6,3,0,0,0,0,0,5,3,
2015-01-28,2015460252599,552790.0,167910.0,0.194549,51.389667,46,3,3,1,4,13:30,538,E10000016,1,25,3,70,0,-1,-1,0,0,0,1,1,1,0,2,2,2,E01024433,201232N224312,1,1,3,1,11,3,3,4,1,0,0,0,0,-1,Sevenoaks
2015-01-28,2015460252600,585600.0,162380.0,0.66272,51.330224,46,3,3,2,4,06:55,540,E10000016,3,249,3,70,0,-1,-1,0,0,0,6,2,2,0,0,2,1,E01024554,201232N224812,1,1,1,2,52,8,3,0,0,0,0,0,9,1,Swale
2015-01-28,2015521501439,346728.0,176478.0,-2.768585,51.484732,52,3,2,1,4,16:15,605,E06000024,4,3124,6,20,0,-1,-1,0,0,1,1,1,1,0,0,1,1,E01032681,2012400CA0386,2,1,1,1,57,9,3,0,0,0,0,0,9,3,
2015-01-28,201543N182015,466690.0,206791.0,-1.035225,51.755847,43,3,2,1,4,12:20,476,E10000002,5,59,6,30,0,-1,-1,0,0,0,1,2,2,0,0,2,3,E01017683,201222F202996,2,5,2,2,9,2,3,0,0,2,0,0,9,1,
2015-01-28,2015460252605,601420.0,159690.0,0.887985,51.300689,46,3,2,4,4,05:48,540,E10000016,1,2,3,70,5,4,3,251,0,0,6,1,1,0,0,1,1,E01024625,201232N225412,1,1,1,1,46,8,3,0,0,0,0,0,5,-1,Swale
2015-01-28,2015460252606,570390.0,169510.0,0.448033,51.399033,46,3,3,1,4,09:58,535,E10000016,3,2,3,70,0,-1,-1,0,0,0,1,2,2,0,0,2,1,E01024301,201232N226012,1,1,1,2,23,5,3,0,0,0,0,0,9,3,Gravesham
2015-01-28,20151321S1733,432355.0,439006.0,-1.50971,53.846293,13,3,2,1,4,23:20,204,E08000035,6,0,6,30,6,4,6,0,0,0,4,6,2,0,0,1,1,E01011650,201206G062646,1,1,3,2,14,3,3,5,3,0,0,0,0,1,Leeds
2015-01-28,2015621500191,306893.0,189880.0,-3.345683,51.600039,62,3,1,1,4,15:03,744,W06000016,6,0,6,30,0,-1,-1,0,0,0,1,1,1,0,0,1,1,W01001236,201242I265608,2,1,2,2,17,4,3,0,0,2,0,0,9,1,
2015-01-28,201543N186015,504213.0,179534.0,-0.499876,51.505141,43,3,4,2,4,13:45,477,E10000002,1,25,7,70,0,-1,-1,0,0,0,1,1,2,0,0,2,1,E01017827,201222F203100,2,1,1,1,39,7,3,0,0,0,0,0,1,3,
2015-01-28,2015520501286,363738.0,131821.0,-2.519081,51.084552,52,2,6,1,4,23:04,610,E10000027,4,3152,9,30,0,-1,-1,0,0,0,4,1,2,0,0,2,1,E01029168,2012370476712,1,1,1,2,26,6,3,0,0,0,0,0,9,3,South Somerset
2015-01-28,2015331500104,448037.0,311130.0,-1.290649,52.695727,33,3,2,1,4,07:30,361,E10000018,3,50,3,70,0,-1,-1,0,0,0,4,2,2,0,0,2,1,E01025871,2012160C00421,1,1,1,1,22,5,3,0,0,0,0,0,9,2,Hinckley and Bosworth
2015-01-28,20151321S0284,427263.0,435169.0,-1.587441,53.812098,13,2,2,1,4,09:00,204,E08000035,6,0,6,30,3,4,6,0,0,0,1,2,2,0,0,1,1,E01011478,201206G061711,2,1,1,1,17,4,3,0,0,0,0,0,1,1,Leeds
2015-01-28,20151321S0562,429568.0,431581.0,-1.552779,53.779725,13,3,1,1,4,12:19,204,E08000035,6,0,6,30,0,-1,-1,0,0,1,1,5,2,0,0,1,1,E01011364,201206G061711,2,2,2,1,15,3,3,0,0,0,0,0,1,1,Leeds
2015-01-28,20151321S0621,429257.0,435103.0,-1.557165,53.811397,13,3,2,1,4,12:50,204,E08000035,3,660,3,30,0,-1,-1,0,0,0,1,5,2,0,0,1,1,E01033005,201206G061838,2,1,2,2,33,6,3,0,0,1,0,0,9,1,Leeds
2015-01-28,20151321S0875,416262.0,433443.0,-1.7546,53.797043,13,3,1,1,4,15:15,200,E08000032,6,0,6,30,3,4,6,0,0,0,1,1,4,0,0,1,1,E01033690,201206G061860,1,1,1,1,31,6,2,0,0,0,0,0,3,1,Bradford
2015-01-28,20151321S0988,409688.0,421256.0,-1.85478,53.687669,13,3,1,2,4,16:04,202,E08000033,4,6112,6,30,6,2,4,6113,0,5,1,4,2,0,0,1,1,E01010898,201206G062060,1,1,1,2,42,7,3,0,0,0,0,0,9,1,Calderdale
2015-01-28,20151321S1016,410835.0,416000.0,-1.837594,53.640405,13,3,1,1,4,15:45,203,E08000034,6,0,6,30,0,-1,-1,0,0,0,1,5,2,0,0,1,2,E01011147,201206G062060,2,2,1,2,33,6,3,0,0,0,0,0,9,1,Kirklees
2015-01-28,20151321S1079,425664.0,435073.0,-1.611732,53.811316,13,3,2,2,4,16:38,204,E08000035,6,0,6,30,3,4,6,0,0,0,4,6,2,0,0,1,1,E01011281,201206G062079,1,1,1,1,35,6,3,0,0,0,0,0,9,1,Leeds
2015-01-28,201501QA10051,511110.0,190450.0,-0.397099,51.60194,1,3,2,1,4,10:30,29,E09000015,6,0,6,30,3,4,6,0,0,0,1,2,2,0,0,1,2,E01002185,201201MM70264,1,1,3,2,24,5,3,4,1,0,0,2,0,-1,London
2015-01-28,20151321S1100,415066.0,433950.0,-1.772733,53.801636,13,3,1,1,4,17:37,200,E08000032,6,0,6,30,3,4,6,0,0,4,4,3,2,0,0,1,1,E01010843,201206G062114,1,1,1,1,54,8,2,0,0,0,0,0,5,1,Bradford
2015-01-28,20151321S1119,420537.0,425279.0,-1.690241,53.723516,13,3,2,1,4,16:55,203,E08000034,6,0,6,30,6,4,6,0,0,0,4,5,2,0,0,1,1,E01011245,201206G062382,3,1,2,1,45,7,3,0,0,1,0,0,10,-1,Kirklees
2015-01-28,201514C008715,449548.0,391019.0,-1.256031,53.413661,14,3,3,1,4,06:20,213,E08000018,1,18,3,70,0,-1,-1,0,0,0,4,1,1,0,0,2,2,E01007685,2012070224144,2,1,1,2,39,7,3,0,0,0,0,0,9,1,Rotherham
2015-01-28,2015331500123,446708.0,319392.0,-1.30914,52.77011,33,3,1,2,4,04:39,362,E10000018,6,8758,6,60,0,-1,-1,0,0,0,6,4,2,0,0,2,1,E01025746,2012160C00591,1,1,3,2,69,10,3,6,9,0,0,0,0,3,Charnwood
2015-01-28,20151321S0192,414275.0,411932.0,-1.785749,53.603759,13,3,3,1,4,07:50,203,E08000034,3,616,6,30,3,4,6,0,0,0,1,1,2,0,0,1,1,E01011169,201206G061709,1,1,3,1,53,8,3,5,1,0,0,0,0,1,Kirklees
2015-01-28,201501RY10035,551610.0,176310.0,0.181194,51.465458,1,3,1,1,4,15:11,18,E09000004,3,206,6,30,0,-1,-1,0,0,0,1,2,2,0,0,1,1,E01000435,201201PY20301,2,2,1,1,87,11,3,0,0,0,0,0,9,1,London
2015-01-28,201520K003465,402780.0,287640.0,-1.96049,52.486671,20,3,1,1,4,10:30,305,E08000028,4,4125,6,30,6,2,3,4092,0,5,1,1,1,0,0,1,2,E01010059,201211SJ03802,2,1,1,1,40,7,3,0,0,0,0,0,1,1,Birmingham
2015-01-28,20154100C0106,503800.0,195000.0,-0.50126,51.644229,41,3,1,2,4,15:44,436,E10000015,1,25,3,70,0,-1,-1,0,0,0,1,1,1,0,0,2,1,E01023816,2012212000773,1,1,2,2,17,4,3,0,0,0,0,0,5,1,Three Rivers
2015-01-28,2015051500307,336370.0,394472.0,-2.959429,53.443159,5,3,2,1,4,19:35,91,E08000012,6,0,9,30,3,4,6,0,0,0,4,5,2,0,0,1,1,E01006609,201201ZD30814,2,3,2,1,17,4,3,0,0,2,0,0,9,1,Liverpool
2015-01-28,2015350012215,539150.0,287690.0,0.047051,52.469419,35,3,2,1,4,17:45,392,E10000003,3,141,6,50,0,-1,-1,0,0,0,4,1,1,0,0,2,2,E01018062,2012170S42192,1,1,3,2,30,6,3,1,3,0,0,0,0,3,Fenland
2015-01-28,2015051500305,333513.0,396384.0,-3.002839,53.459989,5,2,1,1,4,10:35,93,E08000014,3,566,3,30,0,-1,-1,0,0,8,1,1,2,0,0,1,1,E01007003,201201ZD30814,2,2,2,1,17,4,3,0,0,1,0,0,9,1,
2015-01-28,2015350012315,525570.0,270480.0,-0.159193,52.318069,35,2,2,1,4,08:36,393,E10000003,3,1198,1,60,1,4,3,14,0,0,1,8,2,0,0,2,1,E01018132,2012170S42232,1,1,1,1,23,5,3,0,0,0,0,0,5,1,Huntingdonshire
2015-01-28,2015051500300,335369.0,390702.0,-2.973722,53.409155,5,3,1,1,4,09:55,91,E08000012,3,5047,6,30,0,-1,-1,0,0,4,1,4,2,0,0,1,1,E01006747,201201ZD30813,2,2,2,1,38,7,3,0,0,1,0,0,9,-1,Liverpool
2015-01-28,201501QK50066,516100.0,185770.0,-0.326627,51.558873,1,3,1,1,4,12:00,28,E09000005,6,0,6,30,3,4,3,4005,0,0,1,9,1,0,0,1,1,E01000606,201201MM70772,1,1,3,2,47,8,3,5,1,0,0,2,0,1,London
2015-01-28,201504SB15011,341410.0,409070.0,-2.886295,53.574941,4,3,2,1,4,07:58,84,E10000017,3,59,6,40,6,2,6,0,0,5,1,5,2,0,0,1,1,E01025518,201201YE80472,1,1,2,1,44,7,3,0,0,1,0,0,9,-1,West Lancashire
2015-01-28,201501QK50061,519400.0,188190.0,-0.278225,51.579934,1,3,2,1,4,21:30,28,E09000005,3,4140,6,30,3,4,3,4140,0,8,7,9,1,0,0,1,2,E01000517,201201MM70767,2,2,1,1,50,8,3,0,0,0,0,0,9,1,London
2015-01-28,2015170S20225,446012.0,522304.0,-1.289414,54.593835,17,3,2,1,4,18:25,245,E06000004,4,1275,6,30,3,4,6,0,0,0,4,3,2,0,0,1,1,E01012281,2012100557612,1,1,3,2,10,2,3,5,3,0,0,0,0,1,
2015-01-28,201550JN2N004,285116.0,70099.0,-3.6219,50.519367,50,3,2,1,4,14:31,585,E10000008,3,381,1,30,1,4,6,0,0,0,1,1,1,0,0,2,1,E01020226,2012370301012,1,1,1,1,9,2,2,0,0,0,0,0,1,2,Teignbridge
2015-01-28,201504WB15030,347510.0,461870.0,-2.803208,54.050105,4,3,1,2,4,20:30,76,E10000017,6,0,2,30,0,-1,-1,0,0,0,4,1,2,0,0,1,1,E01025099,201201YR90693,2,1,1,2,35,6,3,0,0,0,0,0,9,1,Lancaster