Date,Accident_Index_x,Location_Easting_OSGR,Location_Northing_OSGR,Longitude,Latitude,Police_Force,Accident_Severity,Number_of_Vehicles,Number_of_Casualties,Day_of_Week,Time,Local_Authority_(District),Local_Authority_(Highway),1st_Road_Class,1st_Road_Number,Road_Type,Speed_limit,Junction_Detail,Junction_Control,2nd_Road_Class,2nd_Road_Number,Pedestrian_Crossing-Human_Control,Pedestrian_Crossing-Physical_Facilities,Light_Conditions,Weather_Conditions,Road_Surface_Conditions,Special_Conditions_at_Site,Carriageway_Hazards,Urban_or_Rural_Area,Did_Police_Officer_Attend_Scene_of_Accident,LSOA_of_Accident_Location,Accident_Index_y,Vehicle_Reference,Casualty_Reference,Casualty_Class,Sex_of_Casualty,Age_of_Casualty,Age_Band_of_Casualty,Casualty_Severity,Pedestrian_Location,Pedestrian_Movement,Car_Passenger,Bus_or_Coach_Passenger,Pedestrian_Road_Maintenance_Worker,Casualty_Type,Casualty_Home_Area_Type,city
2015-01-29,201501GD10050,533690.0,187800.0,-0.072261,51.573224,1,2,1,1,5,07:18,4,E09000012,3,107,3,40,6,2,3,10,0,5,1,8,2,0,0,1,1,E01001808,201201CW11687,2,1,1,1,35,6,3,0,0,0,0,0,1,1,London
2015-01-29,201504EF15033,384520.0,433890.0,-2.236513,53.801077,4,3,2,1,5,14:12,72,E10000017,3,682,6,30,3,4,6,0,0,4,1,3,3,0,0,1,1,E01024876,201201XH30206,1,1,1,1,52,8,3,0,0,0,0,0,19,1,Burnley
2015-01-29,201504EF15037,383080.0,431990.0,-2.258271,53.783955,4,3,1,1,5,08:30,72,E10000017,4,6239,6,30,3,4,6,0,0,0,1,1,3,0,0,1,1,E01024907,201201XH30210,1,1,1,2,56,9,3,0,0,0,0,0,9,1,Burnley
2015-01-29,2015621500200,259755.0,203839.0,-4.031486,51.715696,62,3,1,4,5,12:51,745,W06000011,6,0,6,30,6,4,6,0,0,0,1,1,1,0,0,2,1,W01000847,201242I266408,2,1,1,2,23,5,3,0,0,0,0,0,8,1,
2015-01-29,2015320005154,500833.0,378139.0,-0.488783,53.290632,32,3,1,1,5,00:45,356,E10000019,5,224,6,60,0,-1,-1,0,0,0,7,6,3,0,0,2,1,E01026372,201214K228912,1,1,1,1,22,5,3,0,0,0,0,0,9,1,West Lindsey
2015-01-29,2015320005207,498622.0,373156.0,-0.523483,53.246272,32,3,1,1,5,08:25,352,E10000019,4,1182,6,30,0,-1,-1,0,0,0,1,6,3,0,0,1,1,E01026165,201214K229012,1,1,3,1,11,3,2,4,2,0,0,0,0,1,Lincoln
2015-01-29,2015320005347,509881.0,320719.0,-0.372646,52.772891,32,3,1,1,5,20:30,355,E10000019,6,0,6,30,8,4,-1,-1,0,0,4,3,2,0,0,1,1,E01026297,201214K229712,1,1,1,1,22,5,3,0,0,0,0,0,9,1,South Kesteven
2015-01-29,2015320005363,492862.0,369445.0,-0.610855,53.213961,32,3,1,1,5,15:38,352,E10000019,6,0,6,30,9,4,6,0,0,0,1,1,2,0,0,1,2,E01026128,201214K229912,1,1,1,1,20,4,3,0,0,0,0,0,9,2,Lincoln
2015-01-29,2015320005373,556095.0,364189.0,0.332805,53.151965,32,3,1,1,5,15:15,351,E10000019,3,158,6,30,0,-1,-1,0,0,4,1,9,4,0,0,1,2,E01026084,201214K230312,2,1,1,1,16,4,3,0,0,0,0,0,1,1,East Lindsey
2015-01-29,201543R247015,498177.0,180894.0,-0.586436,51.518445,43,3,1,1,5,16:40,473,E06000039,6,7302,6,30,0,-1,-1,0,0,0,1,1,1,0,0,1,1,E01016460,201230B000001,1,1,1,1,45,7,3,0,0,0,0,0,9,1,
2015-01-29,2015320006429,504477.0,391044.0,-0.429884,53.405882,32,3,2,1,5,16:15,356,E10000019,3,1103,6,60,0,-1,-1,0,0,0,1,3,4,0,0,2,1,E01026392,201214K234812,1,1,1,1,56,9,3,0,0,0,0,0,9,1,West Lindsey
2015-01-29,20154100B0052,523880.0,213570.0,-0.204601,51.807052,41,3,1,1,5,10:00,438,E10000015,6,711,6,30,8,4,-1,-1,0,0,1,1,2,0,0,1,2,E01023959,2012212000278,2,2,1,1,32,6,3,0,0,0,0,0,9,1,Welwyn Hatfield
2015-01-29,20154100B0080,524650.0,212430.0,-0.193848,51.796637,41,3,1,1,5,17:40,438,E10000015,6,442,6,30,6,4,6,407,0,0,4,1,2,0,0,1,1,E01023954,2012212000292,1,1,2,2,16,4,3,0,0,1,0,0,9,3,Welwyn Hatfield
2015-01-29,2015520501097,323319.0,138785.0,-3.097534,51.143174,52,2,2,2,5,15:55,607,E10000027,3,39,6,60,3,4,6,0,0,0,1,8,4,0,0,2,1,E01029122,2012370469412,2,1,1,1,50,8,3,0,0,0,0,0,9,1,Sedgemoor
2015-01-29,201501PY20068,535310.0,169020.0,-0.05609,51.404076,1,3,2,1,5,15:45,19,E09000006,3,214,6,30,6,4,6,0,0,0,1,2,2,0,0,1,1,E01000704,201201LX50511,1,1,3,1,31,6,3,4,3,0,0,2,0,1,London
2015-01-29,201501PY20078,540060.0,168350.0,0.01189,51.396903,1,3,2,1,5,16:23,19,E09000006,4,228,6,30,3,4,6,0,0,0,1,2,2,0,0,1,1,E01000829,201201LX50520,2,1,1,1,18,4,3,0,0,0,0,0,1,1,London
2015-01-29,2015530209249,400472.0,220432.0,-1.994549,51.88245,53,2,2,2,5,16:20,621,E10000013,3,40,6,60,0,-1,-1,0,0,0,1,8,4,0,0,2,1,E01022216,20124100B0509,2,1,1,1,45,7,2,0,0,0,0,0,5,1,Cotswold
2015-01-29,2015520501107,326721.0,112110.0,-3.043511,50.903794,52,3,4,2,5,11:49,610,E10000027,3,303,6,60,0,-1,-1,0,0,0,1,5,2,0,0,2,1,E01029153,2012370471712,2,1,2,1,40,7,3,0,0,1,0,0,9,1,South Somerset
2015-01-29,2015120017481,433076.0,454516.0,-1.49708,53.985643,12,3,2,1,5,08:00,182,E10000023,6,61,6,30,3,2,3,661,0,0,1,1,4,0,0,1,2,E01027661,201205FF05969,2,1,1,1,38,7,3,0,0,0,0,0,9,1,
2015-01-29,2015621500197,305227.0,206898.0,-3.374353,51.752728,62,3,2,1,5,16:00,742,W06000024,3,4102,6,30,3,4,6,0,0,0,1,1,4,0,0,1,1,W01001305,201242I266108,1,1,1,1,25,5,2,0,0,0,0,0,9,1,
2015-01-29,201520G002325,393140.0,300160.0,-2.102714,52.599186,20,3,1,1,5,15:10,309,E08000031,6,0,6,30,0,-1,-1,0,0,1,1,1,1,0,0,1,2,E01010477,201211ND20742,2,2,1,1,42,7,3,0,0,0,0,0,21,2,Wolverhampton
2015-01-29,201501CW10089,530190.0,179420.0,-0.125832,51.498735,1,3,1,1,5,16:15,1,E09000033,3,3212,6,30,0,-1,-1,0,0,4,1,1,1,0,0,1,1,E01004733,201197QD02601,1,1,3,1,25,5,2,1,1,0,0,0,0,-1,City of Westminster
2015-01-29,20154100A0075,543930.0,222710.0,0.089819,51.884378,41,3,2,1,5,08:35,432,E10000015,3,120,6,30,0,-1,-1,0,0,0,4,3,4,0,0,2,1,E01023493,201220Z001582,1,1,1,1,45,7,3,0,0,0,0,0,9,1,East Hertfordshire
2015-01-29,201501CW10090,529440.0,179360.0,-0.136652,51.498368,1,3,2,1,5,19:26,1,E09000033,4,323,6,30,3,4,6,0,0,1,4,1,2,0,0,1,1,E01004731,201197QD02602,2,1,1,2,28,6,3,0,0,0,0,0,9,1,City of Westminster
2015-01-29,201542I033201,624791.0,231335.0,1.268617,51.935095,42,3,1,1,5,10:15,461,E10000012,4,1352,6,30,0,-1,-1,0,0,0,1,1,1,0,0,1,1,E01022000,2012212005763,2,1,2,2,38,7,2,0,0,0,0,0,5,1,
2015-01-29,201520N005815,411160.0,290890.0,-1.836976,52.515783,20,3,2,1,5,16:05,300,E08000025,3,4040,6,30,6,4,6,0,0,0,1,1,2,0,0,1,2,E01008999,2012120055785,1,1,1,2,42,7,3,0,0,0,0,0,9,2,Birmingham
2015-01-29,2015120016038,474596.0,472713.0,-0.859529,54.144841,12,3,1,1,5,16:25,185,E10000023,5,173,6,60,0,-1,-1,0,0,0,1,3,3,0,0,2,1,E01027774,201205FF05861,2,1,1,1,23,5,3,0,0,0,0,0,9,1,Ryedale
2015-01-29,2015120016130,456423.0,511338.0,-1.130406,54.494244,12,3,2,1,5,08:50,181,E10000023,6,1988,6,30,0,-1,-1,0,0,0,1,1,3,0,0,2,2,E01027597,201205FF05874,2,1,1,1,17,4,3,0,0,0,0,0,1,-1,Hambleton
2015-01-29,201501XH30076,511430.0,180420.0,-0.395655,51.511729,1,2,2,1,5,13:45,26,E09000017,6,0,6,30,8,4,6,0,0,0,1,2,2,0,0,1,2,E01002505,201201TB00540,1,1,3,2,30,6,2,1,1,0,0,2,0,-1,London
2015-01-29,201504ED15115,367410.0,428710.0,-2.495735,53.753727,4,3,1,1,5,15:55,70,E06000008,6,0,6,30,0,-1,-1,0,0,0,1,1,1,0,0,1,1,E01012587,201201XD80733,1,2,2,1,60,9,3,0,0,0,4,0,11,-1,
2015-01-29,2015120016730,503593.0,487714.0,-0.410619,54.274588,12,3,2,1,5,13:30,186,E10000023,6,605,6,30,3,4,6,828,0,0,1,1,1,0,0,1,2,E01027853,201205FF05928,2,2,1,1,58,9,3,0,0,0,0,0,11,1,
2015-01-29,201501XH30045,511060.0,180900.0,-0.400834,51.516115,1,3,2,1,5,19:15,26,E09000017,3,4020,3,50,1,4,3,312,0,0,4,1,1,0,0,1,1,E01002546,201201TB00515,1,1,1,1,27,6,2,0,0,0,0,0,4,1,London
2015-01-29,2015170M20125,451161.0,518389.0,-1.210414,54.558161,17,2,1,1,5,15:30,243,E06000002,6,0,6,20,3,4,6,0,0,0,1,1,1,0,0,1,1,E01012074,2012100510012,2,1,2,2,60,9,3,0,0,0,4,0,11,-1,
2015-01-29,2015555997792,405814.0,96776.0,-1.918918,50.770541,55,3,2,1,5,16:00,640,E06000028,3,348,6,30,8,4,6,0,0,0,1,2,2,0,0,1,1,E01015302,201242I040702,2,1,1,1,18,4,3,0,0,0,0,0,2,3,
2015-01-29,201501SX20110,519770.0,190880.0,-0.271971,51.604031,1,3,2,1,5,16:35,30,E09000003,3,5,6,30,0,-1,-1,0,0,0,4,1,2,0,0,1,1,E01002123,201201QA10026,1,2,2,1,27,6,3,0,0,1,0,0,9,-1,London
2015-01-29,201501QK50132,521160.0,185870.0,-0.253637,51.558708,1,3,2,1,5,11:50,28,E09000005,3,4088,7,30,5,4,3,406,0,0,1,9,1,0,0,1,1,E01000628,201201MM70833,2,1,1,1,36,7,3,0,0,0,0,0,1,1,London
2015-01-29,201550EK2B004,251383.0,53043.0,-4.090667,50.358484,50,3,2,1,5,16:45,583,E06000026,6,0,6,30,3,4,6,0,0,0,1,2,2,0,0,1,1,E01015134,201236T120196,1,2,2,1,27,6,3,0,0,1,0,0,9,3,Plymouth
2015-01-29,2015051500344,339546.0,392951.0,-2.911327,53.429864,5,3,2,1,5,08:15,91,E08000012,5,0,6,30,0,-1,-1,0,0,0,1,2,2,0,0,1,2,E01006619,201201ZD30830,2,2,1,1,28,6,3,0,0,0,0,0,9,1,Liverpool
2015-01-29,201520S008285,408340.0,278580.0,-1.878835,52.405166,20,3,2,5,5,12:58,300,E08000025,6,0,6,30,0,-1,-1,0,0,0,1,3,3,0,0,1,1,E01008947,2012120083028,1,1,1,1,38,7,2,0,0,0,0,0,5,1,Birmingham
2015-01-29,201520S007395,403700.0,277720.0,-1.947048,52.397485,20,2,1,1,5,16:00,300,E08000025,3,441,3,40,3,4,6,0,0,4,1,6,3,0,0,1,2,E01009111,2012120082461,1,1,1,1,58,9,2,0,0,0,0,0,5,1,Birmingham
2015-01-29,201542I031801,566694.0,187788.0,0.403572,51.564333,42,3,2,1,5,15:45,450,E10000012,6,0,6,30,3,4,6,0,0,0,1,2,2,0,0,1,1,E01021284,2012212005735,2,3,2,1,1,1,3,0,0,2,0,0,9,1,
2015-01-29,2015170S10205,442240.0,519697.0,-1.348161,54.570736,17,2,1,1,5,15:40,245,E06000004,5,142,6,30,3,4,6,0,0,0,1,3,3,0,0,1,1,E01012207,2012100522012,2,2,2,1,27,6,3,0,0,1,0,0,9,-1,
2015-01-29,201542I032201,569135.0,190288.0,0.439958,51.586065,42,3,2,1,5,13:38,450,E10000012,3,176,3,30,1,4,6,0,0,0,1,1,1,0,0,2,1,E01021261,2012212005739,1,2,1,1,25,5,3,0,0,0,0,0,9,1,
2015-01-29,2015051500329,339324.0,401646.0,-2.91635,53.507983,5,3,3,2,5,09:30,93,E08000014,1,58,3,70,0,-1,-1,0,0,0,1,6,3,0,3,2,1,E01007098,201201ZD30822,2,1,1,1,23,5,3,0,0,0,0,0,9,1,
2015-01-29,2015051500326,344858.0,385367.0,-2.830061,53.362285,5,3,2,2,5,09:30,90,E08000011,6,0,6,30,3,4,6,0,0,0,1,3,3,0,0,1,2,E01006426,201201ZD30819,1,1,1,1,37,7,3,0,0,0,0,0,9,-1,Knowsley
2015-01-29,201520N010345,410650.0,291540.0,-1.84447,52.521637,20,3,2,1,5,13:15,300,E08000025,3,5127,1,30,1,4,3,4040,0,0,1,9,1,0,0,1,2,E01009013,2012120058134,3,3,1,1,55,8,3,0,0,0,0,0,9,2,Birmingham
2015-01-29,2015051500323,333272.0,417013.0,-3.010878,53.64535,5,3,1,3,5,22:24,93,E08000014,3,565,6,30,0,-1,-1,0,0,0,4,3,3,0,0,1,1,E01006968,201201ZD30818,2,2,1,2,56,9,3,0,0,0,0,0,9,1,
2015-01-29,201543W204015,471517.0,173016.0,-0.972182,51.451621,43,3,2,1,5,11:00,472,E06000038,3,329,1,30,1,2,6,7201,0,5,1,1,1,0,0,1,2,E01033420,201230C001683,1,1,2,2,-1,-1,3,0,0,0,3,0,11,1,
2015-01-29,2015051500318,342926.0,388370.0,-2.859633,53.389069,5,3,1,1,5,18:42,91,E08000012,6,0,6,30,0,-1,-1,0,0,1,4,2,2,0,0,1,1,E01006771,201201ZD30817,2,1,1,1,-1,-1,3,0,0,0,0,0,3,1,Liverpool
2015-01-29,2015051500317,338114.0,393737.0,-2.933031,53.436761,5,3,2,1,5,15:50,91,E08000012,3,5058,3,40,6,2,3,580,0,5,1,1,4,0,0,1,1,E01006603,201201ZD30816,1,1,3,2,15,3,3,1,1,0,0,2,0,1,Liverpool
2015-01-29,2015051500316,331650.0,392158.0,-3.029974,53.421771,5,3,2,3,5,15:01,95,E08000015,3,554,6,30,2,4,6,0,0,0,1,5,2,0,0,1,1,E01007215,201201ZD30815,1,5,2,1,17,4,3,0,0,2,0,0,9,1,
2015-01-29,2015051500312,336967.0,399977.0,-2.951548,53.492705,5,3,1,1,5,06:32,93,E08000014,1,57,3,70,0,-1,-1,0,0,0,4,6,3,0,0,2,1,E01007038,201201ZD30815,1,4,2,2,18,4,3,0,0,2,0,0,9,1,
2015-01-29,201506M097127,378940.0,394910.0,-2.31858,53.450525,6,3,2,1,5,17:20,112,E08000009,5,0,1,30,1,4,5,0,0,0,4,6,3,0,0,1,1,E01006183,201204CJ12156,3,2,1,1,48,8,3,0,0,0,0,0,9,1,Trafford
2015-01-29,201520N006095,409430.0,291890.0,-1.862441,52.524805,20,3,2,1,5,15:16,300,E08000025,3,4040,3,30,3,4,6,0,0,4,1,1,2,0,0,1,1,E01009410,2012120055853,1,1,1,1,17,4,3,0,0,0,0,0,1,3,Birmingham
2015-01-29,2015051500311,331642.0,392415.0,-3.03015,53.42408,5,3,1,1,5,10:30,95,E08000015,6,0,6,30,3,4,6,0,0,0,1,6,4,0,0,1,1,E01007215,201201ZD30815,1,3,2,2,18,4,3,0,0,2,0,0,9,1,
2015-01-29,2015051500309,329475.0,392325.0,-3.062734,53.422985,5,3,1,1,5,08:55,95,E08000015,6,0,6,30,0,-1,-1,0,1,0,1,2,2,0,0,1,1,E01007313,201201ZD30815,1,1,1,2,17,4,3,0,0,0,0,0,9,1,
2015-01-29,2015120016024,467903.0,475000.0,-0.961456,54.166319,12,3,2,2,5,13:45,185,E10000023,4,1257,6,60,0,-1,-1,0,0,0,1,3,3,0,0,2,1,E01027782,201205FF05851,2,1,1,1,22,5,3,0,0,0,0,0,1,1,Ryedale
2015-01-29,201501CW10091,526710.0,181080.0,-0.175342,51.514443,1,3,2,1,5,17:21,1,E09000033,5,0,2,30,3,4,6,0,0,0,4,2,2,0,0,1,1,E01004682,201197QD02606,1,1,1,2,76,11,3,0,0,0,0,0,9,-1,City of Westminster
2015-01-29,201501CW10093,528360.0,181090.0,-0.151573,51.514161,1,3,1,1,5,09:39,1,E09000033,3,40,6,30,6,2,5,0,0,5,1,1,1,0,0,1,1,E01004714,201197QD03002,1,1,1,1,25,5,3,0,0,0,0,0,9,-1,City of Westminster
2015-01-29,201501FH10061,522300.0,180080.0,-0.23921,51.506427,1,3,2,1,5,19:50,11,E09000013,3,4020,6,30,3,4,6,0,0,0,4,1,1,0,0,1,2,E01001860,201201CW11018,2,1,1,1,35,6,3,0,0,0,0,0,1,1,London
2015-01-29,201501FH10049,525400.0,177190.0,-0.195592,51.479776,1,3,2,1,5,22:55,11,E09000013,4,318,6,30,3,2,3,304,0,5,4,2,2,0,0,1,2,E01001920,201201CW11011,2,1,1,1,40,7,3,0,0,0,0,0,3,1,London
2015-01-29,201543P194015,453222.0,208664.0,-1.230036,51.774125,43,2,2,3,5,11:35,482,E10000025,4,4150,2,30,3,4,4,4150,0,0,1,1,1,0,0,2,1,E01028560,2012231094012,1,1,1,2,45,7,3,0,0,0,0,0,9,3,Oxford
2015-01-29,2015521500751,374614.0,163330.0,-2.366054,51.368458,52,3,2,1,5,08:40,611,E06000022,3,367,6,30,3,4,6,0,0,0,1,1,1,0,0,1,2,E01014417,2012400CA0128,2,1,1,1,18,4,3,0,0,0,0,0,3,1,Bath
2015-01-29,2015521501053,356501.0,163130.0,-2.626207,51.365558,52,3,2,1,5,20:04,611,E06000022,4,3130,6,30,0,-1,-1,0,0,0,6,1,4,0,0,2,1,E01014382,2012400CA0236,2,1,1,2,38,7,2,0,0,0,0,0,90,1,
2015-01-29,201514C010815,441917.0,397457.0,-1.369974,53.472185,14,3,2,1,5,08:30,213,E08000018,4,6089,6,40,0,-1,-1,0,0,0,1,3,3,0,0,2,1,E01007779,2012070225064,1,1,1,1,48,8,3,0,0,0,0,0,9,1,Rotherham
2015-01-29,201506F096993,381160.0,398930.0,-2.285395,53.486743,6,3,2,1,5,16:40,107,E08000006,5,0,6,30,1,4,6,0,0,0,1,1,2,0,0,1,1,E01005655,201204BA12073,2,1,1,2,31,6,3,0,0,0,0,0,1,1,Salford
2015-01-29,2015331500094,461402.0,301404.0,-1.094722,52.606957,33,2,3,1,5,08:50,367,E10000018,3,6,3,40,0,-1,-1,0,0,0,1,1,2,0,0,1,1,E01025977,2012160C00341,2,3,2,1,33,6,3,0,0,0,0,0,19,1,Oadby and Wigston
2015-01-29,2015360087629,598505.0,313611.0,0.935297,52.683808,36,2,2,2,5,07:00,400,E10000020,6,0,6,30,3,4,6,0,0,0,4,1,2,0,0,1,1,E01026428,201220K009092,1,1,1,1,21,5,2,0,0,0,0,0,9,1,Breckland
2015-01-29,2015521501755,357101.0,168665.0,-2.618259,51.415369,52,3,1,1,5,15:35,601,E06000023,6,0,6,30,0,-1,-1,0,0,4,1,1,2,0,0,1,1,E01014600,2012400CA0505,2,2,2,2,19,4,3,0,0,1,0,0,9,1,Bristol
2015-01-29,2015360087583,590909.0,328411.0,0.831681,52.819419,36,3,3,1,5,14:09,405,E10000020,3,1065,6,40,3,4,5,123,0,0,1,3,3,0,0,2,1,E01026780,201220K008792,5,3,2,2,19,4,3,0,0,1,0,0,9,1,North Norfolk
2015-01-29,2015360087577,622183.0,311193.0,1.283374,52.652924,36,3,2,4,5,13:50,404,E10000020,5,808,6,30,3,4,6,0,0,0,1,1,1,0,0,1,1,E01026797,201220K008792,5,2,1,1,40,7,3,0,0,0,0,0,9,1,Norwich
2015-01-29,2015521501816,367283.0,175979.0,-2.472531,51.481812,52,1,3,1,5,15:17,612,E06000025,3,4174,3,70,0,-1,-1,0,0,0,1,1,1,0,0,2,1,E01033334,2012400CA0539,3,1,1,2,42,7,3,0,0,0,0,0,9,1,
2015-01-29,2015360087571,618489.0,309889.0,1.227994,52.642719,36,3,2,1,5,08:00,406,E10000020,3,1074,6,40,0,-1,-1,0,0,0,1,1,1,0,0,1,1,E01026917,201220K008792,2,4,2,1,21,5,3,0,0,1,0,0,9,1,Norwich
2015-01-29,201543N195015,482009.0,212817.0,-0.811915,51.807985,43,3,2,1,5,08:50,476,E10000002,6,2104,6,30,3,4,6,2104,0,0,1,1,1,0,0,1,2,E01017709,201222F203386,1,3,2,2,2,1,3,0,0,2,0,0,9,1,
2015-01-29,2015521502685,333017.0,161176.0,-2.96312,51.345701,52,3,3,2,5,20:50,605,E06000024,4,3440,6,30,3,4,6,0,0,0,4,1,1,0,0,1,1,E01014809,2012400CA0926,1,1,3,1,12,3,3,5,3,0,0,0,0,1,
2015-01-29,201520H001215,401010.0,297180.0,-1.98653,52.57244,20,3,1,1,5,19:09,307,E08000030,6,0,6,30,3,4,6,0,0,0,4,2,2,0,0,1,1,E01010343,201211NF30792,1,1,3,2,78,11,3,6,9,0,0,0,0,1,
2015-01-29,201501QA10047,517030.0,190900.0,-0.31151,51.604786,1,3,2,2,5,12:05,29,E09000015,5,0,6,30,3,4,6,0,0,0,1,1,4,0,0,1,1,E01002109,201201MM70262,1,1,3,1,30,6,3,1,1,0,0,2,0,1,London
2015-01-29,201504SA15044,357620.0,432590.0,-2.644734,53.787892,4,3,1,4,5,23:20,79,E10000017,4,6243,6,40,0,-1,-1,0,0,0,4,3,3,0,0,1,1,E01025234,201201XH30811,1,1,1,1,56,9,3,0,0,0,0,0,3,1,Preston
2015-01-29,201501QA10057,513220.0,187950.0,-0.367452,51.579051,1,3,3,1,5,16:00,29,E09000015,3,4090,3,30,0,-1,-1,0,0,4,1,1,2,0,0,1,1,E01002153,201201MM70268,1,1,3,1,43,7,3,1,1,0,0,2,0,1,London
2015-01-29,2015331500126,443486.0,293366.0,-1.360315,52.536427,33,3,2,1,5,08:15,361,E10000018,6,7601,6,30,3,4,6,7537,0,0,1,1,2,0,0,1,1,E01025827,2012160C00601,2,3,2,2,17,4,3,0,0,2,0,0,9,1,Hinckley and Bosworth
2015-01-29,2015331500130,452479.0,302973.0,-1.226224,52.621994,33,3,3,1,5,08:40,360,E10000018,3,47,6,40,8,4,6,6,0,0,1,1,2,0,0,1,1,E01025634,2012160C00661,2,1,1,2,48,8,3,0,0,0,0,0,9,2,
2015-01-29,2015331500133,453375.0,301556.0,-1.213218,52.609169,33,3,1,1,5,23:31,360,E10000018,6,3501,6,60,0,-1,-1,0,0,0,6,3,3,0,0,2,1,E01025626,2012160C00671,3,3,1,2,27,6,3,0,0,0,0,0,9,1,
2015-01-29,2015331500138,440257.0,293775.0,-1.407868,52.540351,33,3,3,1,5,17:11,361,E10000018,3,47,6,30,3,4,6,6188,0,0,4,1,2,0,0,1,1,E01025853,2012160C00711,1,1,1,1,53,8,3,0,0,0,0,0,19,1,Hinckley and Bosworth
2015-01-29,201501RG40039,546490.0,177380.0,0.107984,51.476419,1,2,1,1,5,07:40,6,E09000011,3,209,6,30,3,4,6,0,0,0,1,1,1,0,0,1,1,E01032567,201201PL60539,1,1,1,1,36,7,3,0,0,0,0,0,1,1,London
2015-01-29,2015331500146,455992.0,308439.0,-1.173411,52.670776,33,3,1,1,5,09:00,364,E06000016,6,2728,6,30,3,4,6,2710,0,0,1,5,2,0,0,1,1,E01013617,2012160C00761,2,2,2,2,63,9,3,0,0,1,0,0,9,1,Leicester
2015-01-29,2015331500148,447427.0,295590.0,-1.3019,52.556091,33,3,1,1,5,21:10,360,E10000018,1,69,3,70,0,-1,-1,0,0,0,6,3,3,0,0,2,1,E01025621,2012160C00771,2,2,1,1,29,6,3,0,0,0,0,0,9,1,Hinckley and Bosworth
2015-01-29,201514B015015,435454.0,409427.0,-1.465985,53.580244,14,3,2,1,5,16:45,210,E08000016,4,6132,6,30,3,4,6,0,0,0,4,3,3,0,0,2,1,E01007325,2012070173525,1,1,3,1,27,6,3,7,9,0,0,0,0,1,
2015-01-29,201504WD15017,331810.0,439010.0,-3.037852,53.842839,4,2,2,1,5,19:30,71,E06000009,6,0,6,30,3,4,6,0,0,0,4,1,1,0,0,1,1,E01012691,201201ZD30410,1,1,1,2,22,5,3,0,0,0,0,0,9,1,
2015-01-29,201520J002065,398310.0,285440.0,-2.026304,52.466897,20,3,1,1,5,09:04,303,E08000027,6,0,6,30,0,-1,-1,0,0,0,1,6,3,0,0,1,1,E01009793,201211NI25482,2,2,2,1,1,1,3,0,0,2,0,0,9,1,
2015-01-29,201501CW10092,530110.0,179670.0,-0.126892,51.501,1,3,1,1,5,09:04,1,E09000033,3,3212,6,30,0,-1,-1,0,0,5,1,1,1,0,0,1,1,E01004733,201197QD02901,2,1,1,1,44,7,3,0,0,0,0,0,1,1,City of Westminster
2015-01-29,201501XD80068,512810.0,180980.0,-0.375599,51.516488,1,3,1,1,5,20:42,27,E09000009,5,0,6,30,0,-1,-1,0,0,0,4,1,1,0,0,1,1,E01001297,201201TA00596,2,1,1,1,32,6,3,0,0,0,0,0,9,-1,London
2015-01-29,201501XD80072,516880.0,179610.0,-0.317423,51.503349,1,3,2,1,5,07:43,27,E09000009,4,452,6,30,3,4,6,0,0,0,1,1,1,0,0,1,1,E01001385,201201TA00599,1,1,1,1,32,6,2,0,0,0,0,0,1,1,London
2015-01-29,201501CW10094,528220.0,181810.0,-0.153328,51.520663,1,3,2,1,5,12:10,1,E09000033,4,524,6,30,3,4,6,0,0,1,1,1,1,0,0,1,1,E01004717,201197QD03102,2,1,1,1,21,5,3,0,0,0,0,0,9,-1,City of Westminster
2015-01-29,20154100C0083,511620.0,196410.0,-0.387841,51.655406,41,3,2,1,5,12:45,437,E10000015,3,4008,3,40,1,4,3,411,0,0,1,8,2,0,0,2,1,E01023860,2012212000760,2,1,1,2,25,5,3,0,0,0,0,0,9,1,Watford
2015-01-29,2015520501266,317678.0,122169.0,-3.174366,50.993008,52,2,3,2,5,19:33,608,E10000027,3,38,9,60,3,4,6,0,0,0,6,1,1,0,0,2,1,E01029262,2012370476612,2,3,2,2,76,11,3,0,0,1,0,0,9,1,Somerset West and Taunton
2015-01-29,2015520501279,298357.0,144884.0,-3.455983,51.194106,52,3,2,1,5,09:40,609,E10000027,3,39,9,40,2,4,6,0,0,0,1,2,2,0,0,2,1,E01029325,2012370476612,3,2,1,2,44,7,3,0,0,0,0,0,9,1,Somerset West and Taunton
2015-01-29,201542I044501,582426.0,234024.0,0.654559,51.974736,42,3,1,1,5,21:20,451,E10000012,6,0,6,60,3,4,6,0,0,0,6,6,3,0,0,2,1,E01021398,2012212005958,2,1,1,2,56,9,3,0,0,0,0,0,9,1,
2015-01-29,201542I044701,567891.0,207529.0,0.430295,51.741315,42,3,3,1,5,09:00,454,E10000012,6,0,6,30,0,-1,-1,0,0,0,1,1,1,0,0,2,1,E01021634,2012212005976,1,1,1,2,22,5,3,0,0,0,0,0,9,3,Chelmsford
2015-01-29,201501PY20328,546950.0,165270.0,0.109586,51.367486,1,3,2,2,5,08:17,19,E09000006,3,224,6,30,3,4,6,0,0,0,1,1,1,0,0,1,1,E01000793,201201LX50733,2,1,1,2,57,9,3,0,0,0,0,0,1,1,London
2015-01-29,2015520501846,355193.0,116736.0,-2.639201,50.948307,52,3,2,1,5,09:50,610,E10000027,3,37,6,30,8,4,6,0,0,0,1,1,1,0,0,1,1,E01029250,2012370489712,1,1,1,2,46,8,3,0,0,0,0,0,9,3,South Somerset