Date,Accident_Index_x,Location_Easting_OSGR,Location_Northing_OSGR,Longitude,Latitude,Police_Force,Accident_Severity,Number_of_Vehicles,Number_of_Casualties,Day_of_Week,Time,Local_Authority_(District),Local_Authority_(Highway),1st_Road_Class,1st_Road_Number,Road_Type,Speed_limit,Junction_Detail,Junction_Control,2nd_Road_Class,2nd_Road_Number,Pedestrian_Crossing-Human_Control,Pedestrian_Crossing-Physical_Facilities,Light_Conditions,Weather_Conditions,Road_Surface_Conditions,Special_Conditions_at_Site,Carriageway_Hazards,Urban_or_Rural_Area,Did_Police_Officer_Attend_Scene_of_Accident,LSOA_of_Accident_Location,Accident_Index_y,Vehicle_Reference,Casualty_Reference,Casualty_Class,Sex_of_Casualty,Age_of_Casualty,Age_Band_of_Casualty,Casualty_Severity,Pedestrian_Location,Pedestrian_Movement,Car_Passenger,Bus_or_Coach_Passenger,Pedestrian_Road_Maintenance_Worker,Casualty_Type,Casualty_Home_Area_Type,city
2015-01-29,201501HT20091,535800.0,181170.0,-0.044389,51.513142,1,3,2,1,5,08:30,5,E09000030,3,13,6,30,3,4,6,0,0,4,1,1,1,0,0,1,1,E01004305,201201EO40006,2,1,1,1,17,4,3,0,0,0,0,0,3,1,London
2015-01-29,201501HT20079,534240.0,180690.0,-0.067038,51.509201,1,3,2,1,5,07:39,5,E09000030,3,1203,6,30,3,4,6,0,0,0,1,1,1,0,0,1,1,E01004294,201201EK49030,1,1,3,1,42,7,3,4,1,0,0,2,0,1,London
2015-01-29,201550CL2C001,267223.0,145394.0,-3.901495,51.192298,50,3,1,1,5,09:50,582,E10000008,3,39,6,60,9,4,3,39,0,0,1,8,2,0,0,2,1,E01020100,2012360067569,1,1,3,1,35,6,1,8,5,0,0,0,0,-1,North Devon
2015-01-29,201501PL60099,536630.0,176840.0,-0.03411,51.474032,1,3,2,1,5,22:27,7,E09000023,3,20,6,30,3,4,6,0,0,0,4,1,2,0,0,1,1,E01003215,201201KG70175,1,1,3,1,26,6,2,9,5,0,0,2,0,-1,London
2015-01-29,201501PL60101,536970.0,174530.0,-0.030112,51.453192,1,3,3,2,5,17:00,7,E09000023,6,0,6,30,3,4,6,0,0,0,1,1,1,0,0,1,1,E01003276,201201KG70176,1,1,1,1,29,6,3,0,0,0,0,0,5,1,London
2015-01-29,201501PL60104,537710.0,173710.0,-0.019787,51.445644,1,3,1,1,5,09:50,7,E09000023,3,21,6,30,0,-1,-1,0,0,5,1,1,1,0,0,1,1,E01003318,201201KG70177,2,1,1,1,9,2,3,0,0,0,0,0,1,1,London
2015-01-29,201514C014015,441068.0,394432.0,-1.383157,53.445063,14,3,1,1,5,05:40,213,E08000018,5,7,6,50,0,-1,-1,0,0,0,4,1,3,0,0,2,1,E01007728,2012070225806,1,1,1,1,54,8,1,0,0,0,0,0,21,1,Rotherham
2015-01-29,2015120016002,447377.0,434984.0,-1.282021,53.808997,12,3,2,2,5,15:55,187,E10000023,5,311,6,60,0,-1,-1,0,0,0,1,1,2,0,0,2,1,E01027914,201205FF05840,1,1,3,1,12,3,2,4,1,0,0,0,0,1,Selby
2015-01-29,201550DE2I005,291428.0,93098.0,-3.539637,50.727325,50,2,1,1,5,19:49,581,E10000008,6,0,3,30,8,4,6,0,0,0,4,1,1,0,0,1,1,E01020017,2012360068033,1,1,2,2,31,6,3,0,0,1,0,0,9,1,Exeter
2015-01-29,201542I027501,568004.0,187262.0,0.422203,51.559219,42,2,1,1,5,07:55,450,E10000012,6,0,6,30,3,4,6,0,0,0,1,1,4,0,0,1,1,E01021283,2012212005657,1,1,1,1,32,6,3,0,0,0,0,0,5,1,
2015-01-29,2015051500383,352390.0,399579.0,-2.719044,53.490753,5,3,2,1,5,08:36,92,E08000013,6,0,6,30,3,4,6,0,0,0,1,3,4,0,0,2,1,E01006807,201201ZD30857,1,1,1,1,40,7,3,0,0,0,0,0,9,1,St Helens
2015-01-29,201542I027601,571508.0,206064.0,0.481909,51.727061,42,3,2,1,5,19:00,454,E10000012,3,138,1,30,1,2,6,0,0,4,4,1,1,4,0,2,1,E01033140,2012212005660,2,1,1,1,22,5,3,0,0,0,0,0,9,1,Chelmsford
2015-01-29,201504ED15061,368260.0,424270.0,-2.482387,53.713874,4,3,2,1,5,07:00,70,E06000008,3,666,6,30,3,2,3,666,0,0,1,3,3,0,0,1,1,E01012590,201201XD80687,1,1,3,2,26,6,3,4,1,0,0,2,0,1,
2015-01-29,201504ED15062,370150.0,426760.0,-2.453993,53.736366,4,3,2,2,5,07:00,70,E06000008,3,6077,6,30,0,-1,-1,0,0,0,4,3,4,0,0,1,1,E01012632,201201XD80688,1,1,1,1,27,6,3,0,0,0,0,0,3,1,
2015-01-29,201542I027701,579554.0,187820.0,0.588928,51.560676,42,2,2,1,5,09:50,453,E10000012,3,13,6,30,0,-1,-1,0,0,0,1,1,1,0,0,1,2,E01021511,2012212005662,1,1,2,1,18,4,3,0,0,1,0,0,9,1,Castle Point
2015-01-29,2015051500370,341435.0,398306.0,-2.8839,53.478205,5,3,2,2,5,13:09,90,E08000011,6,0,6,30,3,4,6,0,0,0,1,1,1,0,0,1,1,E01006437,201201ZD30848,1,3,2,2,14,3,3,0,0,2,0,0,9,1,Knowsley
2015-01-29,2015051500369,347173.0,392465.0,-2.796469,53.426316,5,3,2,1,5,07:10,90,E08000011,3,57,6,30,6,2,6,0,0,5,4,1,2,0,0,1,1,E01006463,201201ZD30848,1,2,2,2,53,8,3,0,0,1,0,0,9,1,Knowsley
2015-01-29,201542I028701,568848.0,196074.0,0.438604,51.638127,42,3,1,1,5,07:32,450,E10000012,6,0,6,30,3,4,6,0,0,0,1,8,4,0,0,1,1,E01021237,2012212005685,2,1,2,1,60,9,3,0,0,0,0,0,19,1,
2015-01-29,201542I028801,609726.0,230090.0,1.049056,51.929794,42,3,1,1,5,07:16,461,E10000012,6,0,6,60,0,-1,-1,0,0,0,1,8,2,0,0,2,1,E01022014,2012212005685,2,3,1,1,30,6,3,0,0,0,0,0,19,1,
2015-01-29,201542I028901,560528.0,193130.0,0.317133,51.614113,42,3,1,1,5,08:35,452,E10000012,6,0,6,30,3,4,3,128,0,8,1,1,1,0,0,1,1,E01021435,2012212005688,3,1,2,2,26,6,3,0,0,1,0,0,9,-1,Brentwood
2015-01-29,201520T009105,411790.0,283330.0,-1.827957,52.447806,20,3,1,1,5,14:55,300,E08000025,6,0,6,30,3,4,6,0,0,0,1,2,2,0,0,1,2,E01009029,2012120123062,2,2,1,1,44,7,3,0,0,0,0,0,9,1,Birmingham
2015-01-29,201501EK40075,528910.0,183840.0,-0.142646,51.538749,1,3,2,1,5,21:15,2,E09000007,3,400,6,30,6,2,3,503,0,5,4,1,2,0,0,1,1,E01000863,201201BS70321,1,1,3,1,26,6,3,5,1,0,0,2,0,1,London
2015-01-29,2015405DA0063,503332.0,222701.0,-0.499789,51.893291,40,3,2,1,5,08:50,424,E06000056,6,0,6,30,3,4,6,0,0,0,1,1,1,0,0,1,1,E01017582,201220W039842,1,1,3,2,32,6,3,6,9,0,0,0,0,1,
2015-01-29,201550BL2M002,225410.0,80143.0,-4.46813,50.594836,50,2,2,2,5,17:00,596,E06000052,4,3257,6,60,3,4,6,0,0,0,6,5,2,0,0,2,1,E01018965,2012360066521,1,1,1,1,22,5,3,0,0,0,0,0,19,1,
2015-01-29,201520W006225,407840.0,286490.0,-1.886001,52.476285,20,3,1,1,5,12:45,300,E08000025,6,0,6,30,3,4,6,0,0,0,1,1,1,0,0,1,1,E01009200,2012120172471,1,1,1,1,44,7,3,0,0,0,0,0,1,2,Birmingham
2015-01-29,201520W006115,407250.0,285870.0,-1.894701,52.470719,20,3,2,1,5,12:15,300,E08000025,6,0,6,30,6,4,6,0,0,0,1,3,2,0,0,1,1,E01033640,2012120172432,1,1,1,1,18,4,3,0,0,0,0,0,1,1,Birmingham
2015-01-29,201520W005235,408030.0,286180.0,-1.883211,52.473495,20,2,1,1,5,10:01,300,E08000025,6,0,6,30,3,4,6,0,0,0,1,8,2,0,0,1,1,E01009378,2012120171967,1,1,1,1,66,10,3,0,0,0,0,0,9,1,Birmingham
2015-01-29,201531D012615,450116.0,337240.0,-1.255894,52.930234,31,3,2,1,5,15:44,342,E10000024,3,52,3,70,0,-1,-1,0,0,0,1,8,2,0,0,1,1,E01028087,201214K068612,1,1,2,2,21,5,3,0,0,2,0,0,8,1,
2015-01-29,201563AC00815,251490.0,201050.0,-4.149848,51.688509,63,3,2,2,5,11:38,751,W06000010,6,0,1,30,1,4,6,0,0,0,1,2,2,0,0,1,1,W01000705,201243N029052,2,1,1,2,8,2,3,0,0,0,0,0,1,1,
2015-01-29,201531D014615,458497.0,338211.0,-1.131053,52.938116,31,3,2,1,5,12:16,347,E10000024,3,6520,6,30,6,4,6,0,0,4,1,2,2,0,0,1,1,E01028416,201214K068712,1,1,3,2,77,11,3,5,1,0,0,0,0,1,City of Nottingham
2015-01-29,201531D015215,448949.0,340008.0,-1.272836,52.955222,31,3,1,2,5,12:38,342,E10000024,3,609,6,30,0,-1,-1,0,0,0,1,6,3,0,0,1,2,E01033412,201214K068812,2,1,1,1,50,8,1,0,0,0,0,0,19,1,Broxtowe
2015-01-29,201531D017315,468253.0,339395.0,-0.985665,52.947608,31,3,2,1,5,12:44,347,E10000024,3,46,3,70,0,-1,-1,0,0,0,1,6,3,0,0,2,1,E01028419,201214K069412,2,1,1,2,41,7,3,0,0,0,0,0,9,2,Rushcliffe
2015-01-29,2015051500412,336621.0,394620.0,-2.95568,53.444519,5,3,1,1,5,17:30,91,E08000012,6,0,3,30,0,-1,-1,0,0,0,4,9,1,0,0,1,2,E01006609,201201ZD30881,1,1,1,1,23,5,3,0,0,0,0,0,3,1,Liverpool
2015-01-29,201506X097041,392630.0,411600.0,-2.112841,53.600913,6,2,2,1,5,09:45,106,E08000005,1,62,3,70,0,-1,-1,0,0,0,1,6,3,0,0,2,1,E01005560,201204DF12121,2,2,1,2,32,6,3,0,0,0,0,0,9,1,
2015-01-29,201501EO40080,530430.0,183170.0,-0.12099,51.532379,1,3,2,1,5,09:18,3,E09000019,6,0,2,20,8,4,6,0,0,0,1,1,1,0,0,1,1,E01002711,201201CW10104,1,1,1,1,39,7,3,0,0,0,0,0,5,1,London
2015-01-29,201501EO40083,532720.0,185170.0,-0.087241,51.549819,1,3,1,1,5,16:05,3,E09000019,6,0,6,20,3,4,3,105,0,0,1,1,2,0,0,1,2,E01002779,201201CW10109,1,1,3,1,21,5,2,9,9,0,0,2,0,-1,London
2015-01-29,201501QK50258,521510.0,185190.0,-0.248825,51.552522,1,3,2,1,5,14:25,28,E09000005,4,453,6,30,8,4,6,0,0,0,1,2,2,0,0,1,1,E01000506,201201MM70959,2,1,1,1,49,8,3,0,0,0,0,0,1,1,London
2015-01-29,2015440034123,448259.0,118658.0,-1.314154,50.965329,44,3,1,1,5,12:00,491,E10000014,6,0,6,30,0,-1,-1,0,0,0,1,1,1,0,0,1,2,E01022644,201230D000258,1,1,1,1,43,7,2,0,0,0,0,0,9,-1,Eastleigh
2015-01-29,2015440033901,440649.0,112924.0,-1.423153,50.914356,44,3,2,1,5,06:13,500,E06000045,3,3057,6,30,6,4,6,0,0,0,7,1,1,0,0,1,2,E01017191,201230D000253,1,1,1,1,27,6,3,0,0,0,0,0,9,1,Southampton
2015-01-29,2015440033606,439832.0,113903.0,-1.434668,50.923215,44,3,2,1,5,17:41,500,E06000045,3,3057,6,30,0,-1,-1,0,0,0,7,1,1,0,0,1,2,E01017211,201230D000250,1,1,3,1,5,1,3,5,1,0,0,0,0,1,Southampton
2015-01-29,2015440033461,482713.0,160438.0,-0.814021,51.337026,44,3,1,1,5,17:50,494,E10000014,6,0,6,30,3,4,6,0,0,0,4,9,2,0,0,1,2,E01022891,201230D000249,1,2,3,2,85,11,3,8,1,0,0,0,0,1,Hart
2015-01-29,2015440033425,462991.0,150082.0,-1.098916,51.246442,44,3,2,1,5,19:10,490,E10000014,6,0,6,30,0,-1,-1,0,0,0,4,1,2,0,0,1,1,E01022475,201230D000249,1,1,3,1,88,11,3,8,1,0,0,0,0,1,Basingstoke and Deane
2015-01-29,2015440033341,452145.0,92169.0,-1.262584,50.726809,44,2,2,2,5,17:05,505,E06000046,3,3054,6,50,6,4,6,0,0,8,4,1,1,0,0,2,1,E01033229,201230D000248,2,1,1,1,16,4,3,0,0,0,0,0,2,-1,
2015-01-29,2015440033267,436198.0,111974.0,-1.486558,50.906109,44,3,2,1,5,15:14,496,E10000014,3,326,6,60,3,4,6,0,0,0,1,1,1,0,0,2,1,E01023085,201230D000247,1,1,1,1,82,11,3,0,0,0,0,0,9,-1,New Forest
2015-01-29,201537EA87495,647322.0,274774.0,1.627251,52.315311,37,2,2,2,5,16:30,415,E10000029,4,1387,6,60,0,-1,-1,0,0,0,6,3,3,0,0,2,1,E01030219,201220N039252,1,1,1,1,29,6,3,0,0,0,0,0,8,1,East Suffolk
2015-01-29,2015440033252,445207.0,110716.0,-1.358594,50.894163,44,3,1,1,5,16:20,500,E06000045,6,0,6,30,3,4,6,0,0,0,7,1,2,0,0,1,1,E01017275,201230D000244,2,4,2,1,59,9,2,0,0,1,0,0,9,1,Southampton
2015-01-29,2015440033071,474237.0,123722.0,-0.943243,51.008102,44,3,2,1,5,14:00,497,E10000014,6,0,6,30,3,4,6,0,0,0,1,8,2,0,0,1,1,E01022619,201230D000244,2,2,1,2,28,6,2,0,0,0,0,0,9,1,East Hampshire
2015-01-29,2015440033001,471573.0,106390.0,-0.984606,50.852608,44,3,2,1,5,13:30,495,E10000014,6,0,6,30,6,2,4,2149,0,0,1,2,2,0,0,1,1,E01022953,201230D000244,1,3,2,2,58,9,1,0,0,1,0,0,9,1,
2015-01-29,2015440032822,482533.0,161407.0,-0.81638,51.345763,44,3,1,1,5,11:04,494,E10000014,6,0,6,60,0,-1,-1,0,0,0,1,1,2,4,0,2,1,E01022892,201230D000244,1,1,1,1,68,10,3,0,0,0,0,0,9,1,Hart
2015-01-29,2015440032694,424977.0,95060.0,-1.647288,50.754605,44,3,2,1,5,09:45,496,E10000014,6,0,6,30,3,4,6,0,0,0,1,1,1,0,0,1,1,E01023057,201230D000243,1,1,1,1,24,5,3,0,0,0,0,0,9,1,New Forest
2015-01-29,2015440032623,437184.0,115026.0,-1.472226,50.93349,44,2,2,1,5,07:45,501,E10000014,6,0,6,60,1,4,1,271,0,0,7,1,2,0,0,2,1,E01023170,201230D000242,1,1,1,1,38,7,3,0,0,0,0,0,5,1,Test Valley
2015-01-29,2015440032490,464425.0,100831.0,-1.087111,50.803464,44,3,2,1,5,07:30,498,E06000044,3,3,1,30,1,4,3,2030,0,0,7,1,1,0,0,1,2,E01017038,201230D000241,2,1,1,1,14,3,3,0,0,0,0,0,1,-1,Portsmouth
2015-01-29,201550BL2K002,227065.0,81797.0,-4.44554,50.61019,50,3,2,1,5,20:20,596,E06000052,3,30,3,70,0,-1,-1,0,0,0,6,6,4,0,2,2,1,E01018965,2012360066447,2,1,1,1,44,7,3,0,0,0,0,0,4,3,
2015-01-29,201550BN2B004,234597.0,73629.0,-4.335548,50.538982,50,3,2,2,5,11:55,596,E06000052,3,388,6,60,3,4,6,0,0,0,1,5,2,0,0,2,1,E01018967,2012360066567,2,1,1,1,22,5,3,0,0,0,0,0,1,1,
2015-01-29,2015440033261,472785.0,155451.0,-0.95753,51.293547,44,3,1,1,5,16:27,494,E10000014,4,3349,6,40,0,-1,-1,0,0,0,7,3,3,0,0,2,1,E01022882,201230D000246,1,1,1,2,23,5,3,0,0,0,0,0,9,1,Hart
2015-01-29,201504WD15015,333620.0,442470.0,-3.011097,53.874167,4,3,2,1,5,08:15,85,E10000017,4,5268,6,30,3,4,6,0,0,1,1,1,2,0,0,1,1,E01025576,201201ZD30408,1,1,3,2,25,5,3,1,1,0,0,2,0,1,Wyre
2015-01-29,201501ZD30111,532270.0,166880.0,-0.100566,51.385561,1,3,2,2,5,16:05,20,E09000008,3,213,6,30,3,4,6,0,0,0,1,6,3,0,0,1,2,E01001115,201201VK30216,1,1,1,1,27,6,3,0,0,0,0,0,5,1,London
2015-01-29,201537EA87566,606752.0,258474.0,1.023032,52.185742,37,3,2,1,5,07:20,413,E10000029,3,1120,1,60,1,4,3,14,0,0,1,1,4,0,0,2,1,E01030081,201220N042072,1,1,1,1,50,8,3,0,0,0,0,0,9,1,Mid Suffolk
2015-01-29,2015100054715,425698.0,560463.0,-1.600429,54.938179,10,3,3,2,5,09:00,146,E08000020,6,4083,6,30,3,4,6,4083,0,0,1,1,4,0,0,1,1,E01008239,201205AA02172,1,2,1,1,21,5,3,0,0,0,0,0,9,1,Gateshead
2015-01-29,201537EA87570,591676.0,250730.0,0.798424,52.121644,37,3,1,1,5,06:30,410,E10000029,3,1141,6,60,0,-1,-1,0,0,0,6,1,4,0,0,2,1,E01029898,201220N042072,1,2,2,1,51,8,3,0,0,1,0,0,9,1,Babergh
2015-01-29,201501KD50061,551460.0,189100.0,0.18453,51.580415,1,3,2,1,5,16:50,15,E09000016,3,118,6,30,1,4,5,0,0,0,4,1,1,0,0,1,1,E01032742,201201HT20161,2,1,1,1,37,7,3,0,0,0,0,0,1,1,London
2015-01-29,2015460252609,576314.0,165434.0,0.531083,51.360611,46,3,2,2,5,19:45,544,E06000035,6,0,6,30,0,-1,-1,0,0,0,4,2,2,0,0,1,1,E01016068,201232N226012,2,2,1,1,29,6,3,0,0,0,0,0,9,1,
2015-01-29,2015460252608,596920.0,172490.0,0.830598,51.417215,46,3,1,1,5,15:50,540,E10000016,4,2008,6,60,0,-1,-1,0,0,0,1,1,2,0,0,1,1,E01024620,201232N226012,1,3,2,1,45,7,3,0,0,1,0,0,9,3,Swale
2015-01-29,201501KG70046,548320.0,185240.0,0.137619,51.546567,1,3,2,1,5,20:38,16,E09000002,5,0,6,30,0,-1,-1,0,0,0,4,1,1,0,0,1,1,E01000079,201201JC30541,2,2,2,2,21,5,3,0,0,1,0,0,9,1,London
2015-01-29,2015350011015,538240.0,268290.0,0.025669,52.295352,35,3,1,2,5,14:45,395,E10000003,5,191,6,60,0,-1,-1,0,0,0,1,1,2,0,0,2,1,E01018306,2012170S41162,3,6,2,1,16,4,3,0,0,0,4,0,11,1,South Cambridgeshire
2015-01-29,201523N035126,450778.0,274895.0,-1.255621,52.369757,23,3,2,1,5,06:55,292,E10000031,3,428,6,30,8,4,6,0,0,0,4,1,2,0,0,1,1,E01031144,2012130441181,1,1,2,2,68,10,2,0,0,0,1,0,11,1,
2015-01-29,201523N035130,450513.0,276845.0,-1.25922,52.387311,23,3,2,1,5,12:14,292,E10000031,3,426,6,40,0,-1,-1,0,0,4,1,5,2,0,0,2,1,E01031141,2012130441281,2,1,1,1,26,6,3,0,0,0,0,0,9,1,
2015-01-29,2015100053615,427399.0,561559.0,-1.573776,54.947938,10,3,2,1,5,00:53,146,E08000020,6,4136,6,30,0,-1,-1,0,0,0,1,1,3,0,0,1,1,E01008212,201205AA02124,1,4,1,2,39,7,3,0,0,0,0,0,9,1,Gateshead
2015-01-29,2015460252593,582831.0,165608.0,0.624675,51.360115,46,3,2,1,5,13:00,544,E06000035,3,2,6,40,0,-1,-1,0,0,0,1,1,1,0,0,2,2,E01016103,201232N222112,2,1,2,2,26,6,3,0,0,1,0,0,9,1,
2015-01-29,2015350010815,546960.0,258670.0,0.149258,52.206665,35,3,1,1,5,13:24,390,E10000003,5,298,6,30,3,4,6,0,0,0,1,1,2,0,0,1,1,E01017997,2012170S41162,3,4,2,2,15,3,3,0,0,0,4,0,11,1,Cambridge
2015-01-29,2015100053415,424514.0,561771.0,-1.618797,54.949992,10,3,2,1,5,16:40,146,E08000020,4,1426,6,30,3,4,6,4125,0,0,1,1,1,0,0,1,2,E01008257,201205AA02124,1,1,2,1,10,2,3,0,0,2,0,0,9,1,Gateshead
2015-01-29,201537EA87572,600181.0,259363.0,0.927571,52.196146,37,3,1,2,5,09:02,413,E10000029,6,0,6,60,0,-1,-1,0,0,0,1,8,4,5,0,2,1,E01030063,201220N042102,1,1,1,1,49,8,3,0,0,0,0,0,9,1,Mid Suffolk
2015-01-29,201537EA87575,604216.0,245047.0,0.977936,52.066134,37,3,1,1,5,16:08,410,E10000029,5,726,6,60,0,-1,-1,0,0,0,6,3,3,0,0,2,1,E01029911,201220N042102,1,2,2,2,27,6,3,0,0,2,0,0,9,1,Babergh
2015-01-29,2015460252584,615040.0,157500.0,1.081752,51.276048,46,3,2,1,5,06:40,531,E10000016,3,28,3,30,0,-1,-1,0,0,0,4,1,1,0,0,1,2,E01032807,201232N221512,1,1,2,2,19,4,3,0,0,1,0,0,9,-1,Canterbury
2015-01-29,201537EA87564,652872.0,298605.0,1.7265,52.526576,37,3,1,4,5,15:09,416,E10000029,3,12,3,70,0,-1,-1,0,0,0,1,6,3,0,0,2,1,E01030259,201220N041932,2,1,1,1,51,8,2,0,0,0,0,0,1,1,East Suffolk
2015-01-29,201522C500701,386700.0,257440.0,-2.196082,52.215012,22,3,1,1,5,15:00,276,E10000034,6,0,6,30,3,4,6,0,0,0,1,1,2,0,0,1,2,E01032330,2012130259346,1,1,2,2,25,5,3,0,0,1,0,0,9,1,Worcester
2015-01-29,201537EA87563,599783.0,259881.0,0.922061,52.200941,37,2,2,3,5,08:30,413,E10000029,6,0,6,60,0,-1,-1,0,0,0,1,1,4,0,0,2,1,E01030065,201220N041572,2,1,2,2,-1,-1,3,0,0,1,0,0,9,2,Mid Suffolk
2015-01-29,201537EA87561,586423.0,280319.0,0.738112,52.389151,37,3,2,2,5,10:50,414,E10000029,3,134,6,40,0,-1,-1,0,0,0,1,1,2,0,0,2,1,E01030094,201220N041502,2,2,1,1,26,6,3,0,0,0,0,0,9,1,West Suffolk
2015-01-29,2015460252708,636450.0,164910.0,1.393074,51.334086,46,3,2,1,5,12:10,541,E10000016,3,255,6,30,3,4,6,0,0,1,1,1,1,0,6,1,1,E01024680,201232N235612,2,2,2,1,15,3,3,0,0,2,0,0,9,1,Thanet
2015-01-29,201501TW60028,514050.0,170530.0,-0.361105,51.422317,1,3,2,1,5,07:00,24,E09000027,3,312,6,30,3,4,6,0,0,0,4,1,2,0,0,1,1,E01003822,201201QK50645,1,1,3,2,28,6,3,1,1,0,0,2,0,1,London
2015-01-29,201501BS70052,524620.0,181080.0,-0.205446,51.514908,1,3,2,1,5,20:00,12,E09000020,6,0,1,30,2,4,4,415,0,0,4,1,1,0,0,1,2,E01002833,201197ND01808,2,3,2,2,44,7,3,0,0,0,4,0,11,-1,London
2015-01-29,2015460252702,551190.0,172920.0,0.173705,51.435111,46,3,2,1,5,08:50,532,E10000016,3,2018,3,30,1,4,6,0,0,0,1,5,2,0,0,2,2,E01024152,201232N233912,1,1,3,2,67,10,3,6,9,0,0,0,0,1,Dartford
2015-01-29,2015460252700,607770.0,153750.0,0.975495,51.245069,46,3,2,1,5,15:17,530,E10000016,3,28,6,50,3,4,6,0,0,0,1,1,1,0,0,2,1,E01023988,201232N232912,1,5,2,2,21,5,3,0,0,2,0,0,9,-1,Ashford
2015-01-29,2015350009315,546710.0,255260.0,0.144127,52.176095,35,3,2,1,5,10:30,390,E10000003,6,0,1,30,1,4,6,0,0,0,1,1,1,0,0,1,2,E01017995,2012170S33642,1,1,1,1,51,8,3,0,0,0,0,0,9,1,Cambridge
2015-01-29,201504WB15020,348430.0,468150.0,-2.790229,54.106634,4,3,2,1,5,15:44,76,E10000017,3,6,6,30,3,4,6,0,1,4,1,1,2,0,0,2,1,E01025089,201201YR90686,1,2,2,1,-1,-1,3,0,0,1,0,0,9,1,Lancaster
2015-01-29,2015350009415,543320.0,260170.0,0.096662,52.221099,35,3,2,1,5,17:00,390,E10000003,3,1307,6,30,8,4,6,0,0,0,4,1,1,0,0,1,2,E01017956,2012170S40012,1,1,2,2,60,9,2,0,0,2,0,0,9,2,Cambridge
2015-01-29,2015460252821,631110.0,165790.0,1.317123,51.344179,46,3,2,1,5,18:30,541,E10000016,4,2190,3,50,1,4,6,0,0,0,4,9,2,0,0,2,2,E01024704,201232N254312,1,2,2,2,21,5,3,0,0,1,0,0,9,2,Thanet
2015-01-29,2015100056215,407948.0,562273.0,-1.877425,54.955038,10,3,2,3,5,12:06,139,E06000048,3,695,6,60,0,-1,-1,0,0,0,1,1,2,0,0,2,1,E01027508,201205AA02236,1,1,3,1,15,3,3,5,2,0,0,0,0,1,
2015-01-29,2015100055815,421410.0,563944.0,-1.667097,54.969661,10,3,2,1,5,15:20,147,E08000021,5,119,6,30,0,-1,-1,0,0,0,1,1,2,0,0,1,1,E01008290,201205AA02234,1,4,2,1,31,6,3,0,0,1,0,0,9,1,Newcastle upon Tyne
2015-01-29,201537EA87558,646618.0,287214.0,1.626084,52.427241,37,3,1,1,5,15:50,416,E10000029,4,1127,6,30,3,4,5,922,0,0,1,3,3,0,0,2,1,E01030286,201220N041262,1,1,2,1,17,4,3,0,0,0,0,0,2,1,East Suffolk
2015-01-29,2015075026356,363687.0,391681.0,-2.547871,53.420669,7,2,1,1,5,05:46,128,E06000007,1,6,3,70,5,4,1,62,0,0,4,3,3,0,0,2,1,E01012463,201204DL12112,1,4,2,1,88,11,3,0,0,2,0,0,9,1,
2015-01-29,2015350009215,545960.0,261800.0,0.135984,52.23505,35,3,2,1,5,16:10,395,E10000003,6,0,6,30,8,4,6,0,0,0,1,1,1,0,0,1,1,E01018274,2012170S33562,2,2,2,2,22,5,3,0,0,1,0,0,9,1,Cambridge
2015-01-29,201522E500418,362850.0,228990.0,-2.542037,51.958145,22,2,3,3,5,07:48,285,E06000019,4,4224,6,60,0,-1,-1,0,0,0,1,1,2,0,0,2,1,E01014053,2012130325317,1,1,1,1,42,7,2,0,0,0,0,0,9,1,
2015-01-29,2015460252616,630520.0,141510.0,1.293054,51.126458,46,3,1,1,5,08:45,533,E10000016,6,3309,6,30,9,4,6,0,0,1,1,9,2,0,0,1,2,E01024248,201232N228212,2,1,1,1,34,6,3,0,0,0,0,0,9,-1,
2015-01-29,201501KG70050,550950.0,186530.0,0.176072,51.55746,1,3,2,2,5,15:20,16,E09000002,5,0,1,30,2,4,6,0,0,4,1,2,2,0,0,1,1,E01000034,201201JC30545,1,1,1,1,29,6,3,0,0,0,0,0,9,1,London
2015-01-29,201537EA87560,642434.0,289113.0,1.566049,52.446149,37,3,2,1,5,14:12,416,E10000029,6,0,6,30,3,4,6,0,0,0,1,2,2,0,0,1,1,E01030228,201220N041502,1,1,1,2,33,6,3,0,0,0,0,0,9,3,East Suffolk
2015-01-29,2015100056015,421682.0,568490.0,-1.662506,55.0105,10,3,2,1,5,08:40,147,E08000021,3,1,3,70,0,-1,-1,0,0,0,1,1,2,0,0,1,1,E01008295,201205AA02234,2,2,2,1,20,4,3,0,0,1,0,0,9,1,Newcastle upon Tyne
2015-01-29,201504WB15023,351830.0,444530.0,-2.734485,53.894694,4,3,2,2,5,12:10,85,E10000017,6,0,6,60,0,-1,-1,0,0,0,1,4,2,0,0,2,1,E01025549,201201YR90687,2,3,2,2,22,5,3,0,0,1,0,0,9,-1,Wyre
2015-01-29,2015610004915,310568.0,209488.0,-3.297669,51.776889,61,2,1,2,5,16:30,731,W06000018,4,4257,6,30,0,-1,-1,0,0,0,1,1,4,0,0,2,2,W01001429,201242I201307,1,1,3,1,43,7,2,1,1,0,0,2,0,-1,
2015-01-29,20154100J0233,521859.0,198497.0,-0.239173,51.672037,41,3,2,1,5,08:15,33,E10000015,3,1,3,70,0,-1,-1,0,0,0,1,1,2,0,0,2,2,E01023584,2012212003108,1,1,2,2,34,6,3,0,0,1,0,0,9,-1,Hertsmere