Date,Accident_Index_x,Location_Easting_OSGR,Location_Northing_OSGR,Longitude,Latitude,Police_Force,Accident_Severity,Number_of_Vehicles,Number_of_Casualties,Day_of_Week,Time,Local_Authority_(District),Local_Authority_(Highway),1st_Road_Class,1st_Road_Number,Road_Type,Speed_limit,Junction_Detail,Junction_Control,2nd_Road_Class,2nd_Road_Number,Pedestrian_Crossing-Human_Control,Pedestrian_Crossing-Physical_Facilities,Light_Conditions,Weather_Conditions,Road_Surface_Conditions,Special_Conditions_at_Site,Carriageway_Hazards,Urban_or_Rural_Area,Did_Police_Officer_Attend_Scene_of_Accident,LSOA_of_Accident_Location,Accident_Index_y,Vehicle_Reference,Casualty_Reference,Casualty_Class,Sex_of_Casualty,Age_of_Casualty,Age_Band_of_Casualty,Casualty_Severity,Pedestrian_Location,Pedestrian_Movement,Car_Passenger,Bus_or_Coach_Passenger,Pedestrian_Road_Maintenance_Worker,Casualty_Type,Casualty_Home_Area_Type,city
2015-01-30,201501CW10102,527670.0,181060.0,-0.161522,51.514048,1,3,1,1,6,21:10,1,E09000033,3,5,6,30,6,2,3,5204,0,5,4,1,1,0,0,1,1,E01004680,201197QD70106,1,1,1,1,42,7,1,0,0,0,0,0,9,1,City of Westminster
2015-01-30,201543W233015,471639.0,173077.0,-0.970415,51.452154,43,3,2,1,6,13:47,472,E06000038,6,7201,2,30,3,4,6,7201,0,0,1,1,1,0,0,1,1,E01016378,201230C001989,1,1,2,2,46,8,3,0,0,2,0,0,10,1,
2015-01-30,201523M425182,419133.0,294325.0,-1.719289,52.546443,23,3,2,2,6,14:09,290,E10000031,1,42,3,70,0,-1,-1,0,0,0,1,1,1,0,0,2,1,E01031023,2012130416038,1,1,1,2,63,9,2,0,0,0,0,0,9,1,North Warwickshire
2015-01-30,20151321U0856,426351.0,433095.0,-1.601468,53.793504,13,3,2,2,6,15:39,204,E08000035,4,6154,6,30,3,4,6,0,0,0,1,1,2,0,0,1,1,E01011729,201206G063149,2,1,1,2,43,7,3,0,0,0,0,0,9,1,Leeds
2015-01-30,2015100075815,415151.0,560121.0,-1.765065,54.935535,10,2,1,4,6,08:15,146,E08000020,6,4042,6,60,0,-1,-1,0,0,0,1,1,4,0,0,2,1,E01008188,201205AA02823,2,2,1,1,55,8,3,0,0,0,0,0,9,1,Gateshead
2015-01-30,201550BW4U001,191222.0,68257.0,-4.943886,50.476858,50,3,3,2,6,16:41,596,E06000052,4,3274,6,60,0,-1,-1,0,0,0,1,9,2,0,0,2,1,E01018954,2012360067022,1,1,3,2,65,9,2,6,8,0,0,0,0,1,
2015-01-30,201501EO40125,530530.0,183010.0,-0.119608,51.530918,1,2,1,1,6,12:39,2,E09000007,3,501,6,30,3,2,3,501,0,5,1,1,2,0,0,1,1,E01002728,201201CW10147,1,1,3,1,76,11,3,1,1,0,0,2,0,1,London
2015-01-30,201501KF60088,542940.0,183090.0,0.059214,51.528635,1,3,1,1,6,14:11,17,E09000025,6,0,6,30,3,4,6,0,0,0,1,1,1,0,0,1,1,E01003542,201201HT20767,1,1,1,1,36,7,3,0,0,0,0,0,4,1,London
2015-01-30,201522E500533,342110.0,275450.0,-2.851769,52.374018,22,3,2,1,6,09:00,285,E06000019,3,4113,6,60,0,-1,-1,0,0,0,1,1,4,0,0,2,2,E01014051,2012130326540,2,1,1,1,40,7,3,0,0,0,0,0,1,1,
2015-01-30,201543R228015,494885.0,180843.0,-0.633881,51.518548,43,3,2,1,6,22:46,473,E06000039,6,7302,6,30,3,4,6,7302,0,0,4,1,1,0,0,1,1,E01016470,2012236595912,3,2,1,2,-1,-1,2,0,0,0,0,0,9,3,
2015-01-30,2015350009515,526430.0,294640.0,-0.137455,52.534957,35,3,1,1,6,08:10,392,E10000003,4,1040,6,60,0,-1,-1,0,0,0,1,8,4,0,0,2,1,E01018059,2012170S40012,1,2,2,2,70,10,2,0,0,2,0,0,9,1,Fenland
2015-01-30,2015100055715,427951.0,571788.0,-1.564164,55.039824,10,3,3,3,6,16:24,148,E08000022,6,2177,6,30,3,4,6,2177,0,0,1,1,2,0,0,1,1,E01008504,201205AA02234,1,3,1,2,32,6,3,0,0,0,0,0,9,-1,North Tyneside
2015-01-30,2015360087488,572021.0,315308.0,0.544826,52.708099,36,2,2,3,6,16:36,407,E10000020,3,47,6,60,0,-1,-1,0,0,0,6,1,2,0,0,2,1,E01026694,201220K008392,1,1,3,1,21,5,3,6,9,0,0,0,0,1,King's Lynn and West Norfolk
2015-01-30,201501RG40040,541580.0,177000.0,0.03718,51.474254,1,3,2,2,6,23:15,6,E09000011,3,207,6,30,3,4,5,0,0,0,4,1,1,0,0,1,1,E01001652,201201PL60540,1,1,3,2,-1,-1,3,10,9,0,0,2,0,-1,London
2015-01-30,2015320005750,529792.0,335876.0,-0.071644,52.904654,32,3,1,1,6,22:30,350,E10000019,3,16,6,60,0,-1,-1,0,0,0,6,1,2,0,0,2,1,E01026017,201214K231412,1,1,1,1,32,6,2,0,0,0,0,0,9,1,Boston
2015-01-30,201501YE80102,533280.0,193880.0,-0.075865,51.627957,1,3,1,1,6,13:30,32,E09000010,6,0,6,30,3,4,6,0,0,0,1,9,1,0,0,1,2,E01001461,201201TB01274,2,1,1,1,24,5,2,0,0,0,0,0,1,1,London
2015-01-30,201501LX50073,531990.0,171470.0,-0.102881,51.426875,1,3,2,1,6,12:15,9,E09000022,6,0,6,30,3,4,6,0,0,0,1,1,1,0,0,1,2,E01003082,201201JI40365,2,2,1,1,46,8,3,0,0,0,0,0,19,1,London
2015-01-30,201550BN2E002,242694.0,70859.0,-4.220207,50.516326,50,3,1,1,6,03:20,596,E06000052,3,390,6,40,0,-1,-1,0,0,0,4,6,4,0,0,2,1,E01018754,2012360066610,1,1,1,1,21,5,3,0,0,0,0,0,9,3,
2015-01-30,201501WW50103,527370.0,176330.0,-0.167549,51.471607,1,3,2,1,6,21:25,10,E09000032,3,3205,6,30,3,4,6,0,0,0,4,1,2,0,0,1,1,E01004540,201201SX20745,1,1,1,1,57,9,3,0,0,0,0,0,9,1,London
2015-01-30,201543R231015,487248.0,167916.0,-0.747103,51.403572,43,3,2,1,6,17:20,470,E06000036,3,322,3,40,0,-1,-1,0,0,0,5,1,1,0,0,1,1,E01016225,2012236630012,2,1,1,1,22,5,3,0,0,0,0,0,19,1,
2015-01-30,2015160C00511,534334.0,427780.0,0.034744,53.729124,16,2,1,1,6,16:00,231,E06000011,3,1033,6,30,8,4,6,0,0,0,1,1,1,0,0,2,2,E01013083,2012100177012,1,2,2,1,46,8,3,0,0,1,0,0,9,-1,
2015-01-30,2015460252780,573170.0,154990.0,0.480903,51.267755,46,3,1,1,6,22:30,536,E10000016,6,3604,6,30,8,4,6,0,0,0,4,9,2,0,0,1,1,E01033089,201232N247712,1,2,2,2,14,3,3,0,0,2,0,0,9,2,
2015-01-30,2015100055915,421734.0,578235.0,-1.660955,55.098065,10,3,3,2,6,16:03,139,E06000048,3,1,3,50,5,4,3,1,0,0,1,1,2,0,0,2,1,E01027473,201205AA02234,2,1,1,2,53,8,3,0,0,0,0,0,9,1,
2015-01-30,2015320005655,492783.0,369851.0,-0.61192,53.217624,32,3,2,1,6,16:00,352,E10000019,6,0,6,30,0,-1,-1,0,0,1,1,8,2,0,0,1,1,E01026129,201214K231012,1,1,3,1,31,6,2,10,9,0,0,0,0,1,Lincoln
2015-01-30,201550JI3G003,257258.0,51613.0,-4.007587,50.347087,50,3,2,1,6,09:53,584,E10000008,3,379,6,30,0,-1,-1,0,0,0,1,1,2,0,0,2,1,E01020190,2012370267512,1,1,1,1,34,6,2,0,0,0,0,0,5,2,South Hams
2015-01-30,2015331500134,483941.0,319348.0,-0.757398,52.765219,33,3,1,1,6,03:40,365,E10000018,5,7312,6,60,3,4,6,8747,0,0,6,3,4,0,0,2,1,E01025912,2012160C00671,4,4,1,1,26,6,3,0,0,0,0,0,9,1,Melton
2015-01-30,201501JI40110,546380.0,191830.0,0.112406,51.606286,1,3,2,1,6,15:00,14,E09000026,5,0,6,30,3,4,6,0,0,0,1,1,2,0,0,1,1,E01003720,201201GD10350,1,1,2,2,53,8,3,0,0,0,3,0,11,1,London
2015-01-30,201506Q097067,395150.0,407370.0,-2.074694,53.562922,6,3,2,2,6,10:00,104,E08000004,3,672,6,30,6,2,5,0,0,0,1,3,3,0,0,1,1,E01005453,201204DA12081,2,1,1,1,25,5,3,0,0,0,0,0,1,1,
2015-01-30,2015100056315,425826.0,568799.0,-1.597683,55.01308,10,3,1,1,6,13:30,148,E08000022,6,2075,1,30,1,4,6,2075,0,0,1,1,4,0,0,1,1,E01008513,201205AA02238,2,1,1,2,59,9,3,0,0,0,0,0,9,2,North Tyneside
2015-01-30,201542I033101,565002.0,200094.0,0.384974,51.675381,42,3,2,1,6,06:58,452,E10000012,3,12,3,70,0,-1,-1,0,0,0,4,3,3,0,0,2,1,E01021457,2012212005762,1,1,3,1,25,5,3,5,1,0,0,0,0,1,Brentwood
2015-01-30,2015320005650,481469.0,390185.0,-0.776101,53.40221,32,3,2,3,6,11:00,356,E10000019,3,159,2,30,9,4,6,0,0,0,1,1,2,0,0,1,2,E01026384,201214K230912,1,1,1,1,31,6,3,0,0,0,0,0,9,1,West Lindsey
2015-01-30,201501BS70045,526080.0,177790.0,-0.185591,51.485017,1,3,2,1,6,16:30,12,E09000020,3,3220,2,30,6,4,6,0,0,1,1,1,1,0,0,1,2,E01002893,201197ND01712,2,1,1,1,18,4,3,0,0,0,0,0,3,1,London
2015-01-30,201550GT3W007,182557.0,44906.0,-5.052333,50.264006,50,3,1,1,6,14:30,596,E06000052,6,0,2,30,0,-1,-1,0,0,0,1,1,1,0,0,1,2,E01018809,2012370194012,2,3,2,2,30,6,2,0,0,1,0,0,9,3,Truro
2015-01-30,201501RG40042,544250.0,173120.0,0.074016,51.438716,1,3,1,1,6,19:20,6,E09000011,5,0,6,30,3,4,6,0,0,0,4,1,1,0,0,1,1,E01001619,201201PL60543,2,1,1,1,31,6,3,0,0,0,0,0,1,1,London
2015-01-30,201501RG40043,538270.0,177710.0,-0.010171,51.481452,1,3,4,4,6,16:00,6,E09000011,3,200,2,30,3,2,3,206,0,5,1,1,1,0,0,1,1,E01001641,201201PL60544,1,1,1,1,52,8,3,0,0,0,0,0,9,1,London
2015-01-30,2015540989415,396291.0,166143.0,-2.054697,51.394311,54,3,1,1,6,20:42,635,E06000054,3,3102,6,60,0,-1,-1,0,0,0,6,8,2,0,0,2,1,E01031845,20124100D0763,2,1,1,1,25,5,3,0,0,0,0,0,9,1,
2015-01-30,2015540985115,423082.0,180480.0,-1.668704,51.522769,54,2,5,4,6,17:48,633,E06000030,1,4,3,70,0,-1,-1,0,0,0,6,1,1,0,0,2,1,E01015547,20124100D0761,2,1,1,2,31,6,3,0,0,0,0,0,1,1,
2015-01-30,2015540984415,386028.0,150471.0,-2.201587,51.253232,54,3,2,1,6,18:42,635,E06000054,3,3098,1,30,1,4,6,0,0,0,4,1,1,0,0,2,2,E01032694,20124100D0760,1,1,1,1,46,8,2,0,0,0,0,0,5,1,
2015-01-30,2015540980515,400484.0,172382.0,-1.994425,51.450423,54,3,2,1,6,14:01,635,E06000054,5,394,6,50,8,4,6,0,0,0,1,1,1,0,0,1,1,E01032690,20124100D0757,2,1,1,1,58,9,3,0,0,0,0,0,1,1,
2015-01-30,2015540974615,388171.0,129762.0,-2.170192,51.067066,54,3,2,1,6,12:52,635,E06000054,3,350,6,60,3,4,6,0,0,0,1,1,1,0,0,2,1,E01032010,20124100D0756,2,1,1,1,65,9,3,0,0,0,0,0,9,1,
2015-01-30,2015540973515,387547.0,151434.0,-2.179855,51.261926,54,3,1,1,6,10:05,635,E06000054,5,376,6,30,2,4,6,0,0,0,1,1,1,0,0,1,2,E01032119,20124100D0755,1,1,3,1,22,5,3,8,1,0,0,0,0,1,
2015-01-30,2015540961715,383163.0,161909.0,-2.243182,51.356001,54,3,2,2,6,08:15,635,E06000054,4,3105,6,40,6,2,4,3109,0,4,1,1,2,0,0,2,1,E01032046,20124100D0747,1,1,1,2,37,7,2,0,0,0,0,0,9,-1,
2015-01-30,201501QK50082,518410.0,185500.0,-0.293412,51.555966,1,3,3,1,6,12:30,28,E09000005,3,4089,6,30,0,-1,-1,0,0,0,1,1,1,0,0,1,1,E01000635,201201MM70788,1,1,1,2,20,4,3,0,0,0,0,0,9,1,London
2015-01-30,201501EO40107,530580.0,184910.0,-0.118184,51.547981,1,3,2,1,6,13:35,3,E09000019,3,5203,6,30,3,4,5,0,0,1,1,1,1,0,0,1,1,E01002765,201201CW10130,1,1,1,1,26,6,3,0,0,0,0,0,3,1,London
2015-01-30,2015540961415,417057.0,123609.0,-1.758238,51.011612,54,2,2,2,6,10:38,635,E06000054,3,338,6,60,3,4,6,0,0,0,1,1,1,0,0,2,1,E01031995,20124100D0746,1,1,1,2,40,7,3,0,0,0,0,0,16,3,
2015-01-30,2015540948515,423864.0,155698.0,-1.659093,51.299911,54,3,2,2,6,05:25,635,E06000054,3,338,6,30,0,-1,-1,0,0,0,4,2,2,0,0,2,1,E01031849,20124100D0738,1,1,3,1,14,3,3,5,4,0,0,0,0,1,
2015-01-30,201501EO40108,530320.0,183300.0,-0.122527,51.533573,1,3,1,1,6,23:53,2,E09000007,3,5200,6,30,3,4,5,0,0,4,4,1,2,0,0,1,1,E01000953,201201CW10130,1,2,2,2,27,6,3,0,0,0,0,0,3,1,London
2015-01-30,2015621500201,316245.0,176298.0,-3.207455,51.479415,62,3,1,1,6,08:32,741,W06000015,3,4161,6,30,3,4,6,0,0,0,1,1,1,0,0,1,1,W01001710,201242I266408,2,2,2,1,1,1,3,0,0,1,0,0,8,-1,Cardiff
2015-01-30,201534WS02235,477739.0,240739.0,-0.867535,52.059587,34,3,2,2,6,19:56,385,E10000021,6,4115,9,30,3,4,6,4115,0,0,4,1,1,0,0,2,1,E01027276,2012170S12602,1,1,1,2,28,6,3,0,0,0,0,0,9,1,
2015-01-30,201522E500423,340860.0,257800.0,-2.867023,52.215225,22,2,2,1,6,07:55,285,E06000019,3,44,6,60,0,-1,-1,0,0,0,1,1,4,0,0,2,1,E01014017,2012130325358,1,1,2,2,27,6,3,0,0,1,0,0,9,1,
2015-01-30,201522E500438,342610.0,258900.0,-2.841599,52.225299,22,3,1,1,6,08:31,285,E06000019,6,0,6,60,0,-1,-1,0,0,0,1,1,4,0,0,2,1,E01014017,2012130325434,2,3,1,1,42,7,3,0,0,0,0,0,9,1,
2015-01-30,2015100168115,423752.0,560864.0,-1.630769,54.941878,10,3,2,2,6,00:01,146,E08000020,3,1,7,40,0,-1,-1,0,0,0,1,1,2,0,0,1,2,E01008260,201205AA05749,2,2,1,1,30,6,3,0,0,0,0,0,9,1,Gateshead
2015-01-30,2015350011215,513400.0,293610.0,-0.329815,52.528567,35,3,2,1,6,16:20,393,E10000003,3,605,6,60,0,-1,-1,0,0,0,1,1,2,0,0,2,1,E01018127,2012170S41162,4,1,1,1,37,7,3,0,0,0,0,0,11,1,Huntingdonshire
2015-01-30,2015520500794,313856.0,120544.0,-3.228427,50.977839,52,3,1,1,6,16:00,608,E10000027,6,0,6,30,0,-1,-1,0,0,5,1,1,1,0,0,1,2,E01029316,2012370463912,2,1,1,2,25,5,3,0,0,0,0,0,9,1,Somerset West and Taunton
2015-01-30,201501RG40045,544950.0,178730.0,0.086379,51.488946,1,3,1,2,6,19:50,6,E09000011,6,0,6,30,0,-1,-1,0,0,0,4,1,1,0,0,1,1,E01001673,201201PL60546,2,1,1,1,14,3,3,0,0,0,0,0,1,1,London
2015-01-30,2015350011315,517910.0,295350.0,-0.262749,52.543246,35,3,2,1,6,15:28,394,E06000031,3,1260,3,30,3,4,6,0,0,0,1,1,1,0,0,2,1,E01033174,2012170S41162,4,8,2,2,12,3,3,0,0,0,4,0,11,1,Peterborough
2015-01-30,2015405BA0082,516280.0,252457.0,-0.301613,52.158152,40,3,2,1,6,09:36,424,E06000056,3,1,3,70,0,-1,-1,0,0,0,1,8,3,0,0,2,1,E01017423,201220T034242,2,1,1,1,52,8,3,0,0,0,0,0,9,1,
2015-01-30,2015100075715,425923.0,564229.0,-1.596578,54.972009,10,3,2,3,6,12:05,147,E08000021,3,186,6,30,0,-1,-1,0,0,0,1,1,1,0,0,1,1,E01033548,201205AA02823,1,1,1,1,59,9,3,0,0,0,0,0,9,1,Newcastle upon Tyne
2015-01-30,201506M097055,378070.0,389510.0,-2.331302,53.401952,6,3,1,1,6,15:55,112,E08000009,4,5165,6,30,3,4,6,0,0,0,1,1,2,0,0,1,1,E01006190,201204CJ12155,1,1,3,2,75,10,3,6,8,0,0,0,0,1,Trafford
2015-01-30,2015405BA0087,505083.0,249626.0,-0.4661,52.134952,40,3,1,1,6,17:43,420,E06000055,6,0,6,30,3,4,3,600,0,5,4,1,2,0,0,1,1,E01017469,201220T034302,2,1,1,2,60,9,3,0,0,0,0,0,9,1,
2015-01-30,201550CD2C001,246013.0,130911.0,-4.198608,51.056837,50,3,2,1,6,19:10,588,E10000008,6,0,6,30,0,-1,-1,0,0,0,4,1,2,0,0,1,1,E01020275,2012360067299,2,1,2,2,57,9,2,0,0,0,0,0,3,-1,Torridge
2015-01-30,2015405BA0089,505064.0,249730.0,-0.466346,52.13589,40,3,2,1,6,10:58,420,E06000055,3,600,2,20,3,2,3,600,0,5,1,8,2,0,0,1,1,E01017469,201220T034802,1,1,1,2,24,5,3,0,0,0,0,0,9,1,
2015-01-30,201550CB2Q002,247066.0,128644.0,-4.182636,51.036748,50,2,1,1,6,10:35,582,E10000008,6,0,6,30,0,-1,-1,0,0,0,1,2,2,6,0,2,1,E01020119,2012360067152,1,1,1,1,19,4,3,0,0,0,0,0,9,3,North Devon
2015-01-30,201522E500436,350140.0,245660.0,-2.729422,52.10701,22,3,3,3,6,13:34,285,E06000019,3,49,6,60,3,4,6,0,0,0,1,1,1,0,0,2,1,E01014082,2012130325434,2,2,2,1,32,6,3,0,0,1,0,0,9,1,
2015-01-30,2015540991315,418761.0,144785.0,-1.732855,51.201974,54,3,2,3,6,18:52,635,E06000054,6,0,6,60,0,-1,-1,0,0,0,6,1,1,0,0,2,1,E01032696,20124100D0763,2,2,2,1,-1,-1,3,0,0,1,0,0,9,3,
2015-01-30,2015320005532,520495.0,335688.0,-0.209869,52.905127,32,3,1,1,6,16:35,354,E10000019,6,0,6,30,0,-1,-1,0,0,0,1,1,2,0,0,2,1,E01026243,201214K230812,1,1,1,1,34,6,3,0,0,0,0,0,8,1,South Holland
2015-01-30,201501WW50084,528410.0,175740.0,-0.152798,51.46607,1,2,1,1,6,19:40,10,E09000032,3,3036,6,30,6,2,6,0,0,5,4,1,1,0,0,1,1,E01004591,201201SX20732,1,1,2,2,35,6,3,0,0,0,2,0,11,1,London
2015-01-30,2015331500178,472755.0,287883.0,-0.930063,52.484027,33,3,2,1,6,13:00,363,E10000018,6,7300,6,30,0,-1,-1,0,0,0,1,9,3,0,0,1,2,E01025802,2012160C00991,2,1,1,2,44,7,3,0,0,0,0,0,1,2,Harborough
2015-01-30,2015440034531,456075.0,144427.0,-1.198872,51.196318,44,3,2,1,6,15:30,490,E10000014,1,3,3,70,0,-1,-1,0,0,0,1,5,2,0,0,2,1,E01022532,201230D000260,1,1,3,2,46,8,3,6,9,0,0,0,0,1,Basingstoke and Deane
2015-01-30,2015440034558,445119.0,118923.0,-1.358832,50.967966,44,3,2,2,6,15:00,491,E10000014,6,0,6,30,6,4,6,0,0,0,1,1,1,0,0,1,1,E01022666,201230D000261,1,1,1,1,20,4,2,0,0,0,0,0,9,1,Eastleigh
2015-01-30,2015440034586,465426.0,100134.0,-1.073031,50.797085,44,3,2,1,6,17:09,498,E06000044,6,0,6,20,3,4,6,0,0,0,4,1,1,0,0,1,1,E01017080,201230D000262,1,1,1,1,38,7,2,0,0,0,0,0,1,1,Portsmouth
2015-01-30,2015440034637,463114.0,100155.0,-1.105829,50.79753,44,3,2,1,6,18:15,498,E06000044,4,2154,6,20,3,4,6,0,0,0,4,1,1,0,0,1,1,E01017034,201230D000263,1,1,2,1,39,7,3,0,0,2,0,0,8,1,Portsmouth
2015-01-30,2015440034648,455644.0,104147.0,-1.211206,50.834188,44,3,2,1,6,15:35,492,E10000014,6,0,6,30,8,4,6,0,0,0,1,1,1,0,0,1,1,E01032877,201230D000263,1,2,2,1,8,2,3,0,0,2,0,0,8,1,
2015-01-30,2015440034664,449416.0,109540.0,-1.298912,50.883245,44,3,2,1,6,07:50,492,E10000014,3,27,6,40,3,2,6,0,0,0,7,1,1,0,0,1,2,E01022773,201230D000264,1,1,1,2,25,5,3,0,0,0,0,0,9,1,Southampton
2015-01-30,2015440034716,425027.0,94971.0,-1.646585,50.753802,44,1,1,1,6,17:40,496,E10000014,6,0,6,30,0,-1,-1,0,0,0,4,1,1,0,0,1,1,E01023057,201230D000264,1,2,2,2,24,5,3,0,0,2,0,0,9,1,New Forest
2015-01-30,2015555997804,410292.0,91674.0,-1.855557,50.724599,55,3,1,1,6,18:10,640,E06000028,6,0,6,30,1,4,6,0,0,8,4,1,1,0,0,1,1,E01015290,201242I040901,2,1,1,2,49,8,3,0,0,0,0,0,9,3,
2015-01-30,2015440034784,454396.0,105917.0,-1.228664,50.850222,44,3,2,1,6,21:25,492,E10000014,3,27,1,30,1,4,4,3334,0,0,7,1,1,0,0,2,2,E01022781,201230D000264,1,3,2,2,45,7,3,0,0,1,0,0,9,1,
2015-01-30,2015440034876,465176.0,99988.0,-1.076604,50.7958,44,3,2,1,6,22:21,498,E06000044,3,2030,1,30,1,4,3,2047,0,0,4,1,1,0,0,1,1,E01017028,201230D000265,1,1,1,2,31,6,3,0,0,0,0,0,9,1,Portsmouth
2015-01-30,2015440034925,462951.0,152305.0,-1.099098,51.266433,44,3,1,1,6,21:00,490,E10000014,3,3010,3,40,3,2,6,0,0,5,4,1,2,0,0,1,1,E01032845,201230D000266,1,1,1,1,21,5,3,0,0,0,0,0,1,1,Basingstoke and Deane
2015-01-30,2015440034972,441816.0,112091.0,-1.406649,50.906782,44,3,2,1,6,23:30,500,E06000045,6,0,6,30,3,2,6,0,0,5,4,1,1,0,0,1,1,E01017140,201230D000267,1,1,1,1,49,8,3,0,0,0,0,0,9,1,Southampton
2015-01-30,201501ZT80056,526580.0,164200.0,-0.183244,51.362771,1,3,2,1,6,14:15,21,E09000029,3,232,6,30,3,4,6,0,0,0,1,1,1,0,0,1,2,E01004139,201201WW50194,2,1,1,1,44,7,3,0,0,0,0,0,1,1,London
2015-01-30,201514A016015,447481.0,400394.0,-1.285714,53.498111,14,3,1,1,6,15:20,211,E08000017,6,0,6,20,3,4,6,0,0,0,1,1,1,0,0,1,1,E01007571,2012070100219,2,1,1,1,27,6,3,0,0,0,0,0,9,1,Doncaster
2015-01-30,2015320005479,522769.0,325754.0,-0.179815,52.815358,32,3,1,1,6,08:05,354,E10000019,5,706,6,40,0,-1,-1,0,0,0,1,3,4,0,0,2,2,E01026258,201214K230512,1,3,2,2,17,4,3,0,0,1,0,0,9,1,South Holland
2015-01-30,2015331500204,443116.0,313987.0,-1.363085,52.721822,33,3,1,1,6,18:56,366,E10000018,5,7120,6,30,8,4,6,6,0,0,4,3,3,0,0,1,1,E01025930,2012160C01141,1,2,2,1,23,5,3,0,0,2,0,0,9,1,North West Leicestershire
2015-01-30,201501WW50097,524190.0,174140.0,-0.214078,51.452632,1,3,3,1,6,20:30,10,E09000032,3,3,6,30,3,4,6,0,0,0,4,1,1,0,0,1,1,E01004628,201201SX20740,2,1,1,1,12,3,3,0,0,0,0,0,1,1,London
2015-01-30,2015460253202,559900.0,169540.0,0.297383,51.402354,46,3,2,1,6,12:27,532,E10000016,4,255,3,60,0,-1,-1,0,0,0,1,1,2,0,0,2,1,E01024158,201232N310612,2,2,1,1,39,7,2,0,0,0,0,0,9,1,Dartford
2015-01-30,201523N025243,419913.0,287037.0,-1.708221,52.480898,23,3,2,2,6,15:30,290,E10000031,6,0,6,60,0,-1,-1,0,0,0,1,1,1,0,0,2,1,E01031022,2012130420149,1,1,1,1,41,7,3,0,0,0,0,0,9,1,North Warwickshire
2015-01-30,201501TX20077,513190.0,177730.0,-0.371166,51.487202,1,2,1,1,6,16:30,25,E09000018,3,3005,6,30,0,-1,-1,0,0,0,1,1,1,0,0,1,1,E01002626,201201RG40248,2,1,1,1,59,9,3,0,0,0,0,0,5,1,London
2015-01-30,201501TX20078,521820.0,178610.0,-0.246629,51.493319,1,3,2,1,6,13:50,25,E09000018,3,315,6,30,3,2,5,0,0,5,1,1,2,0,0,1,1,E01002575,201201RG40249,1,1,1,1,17,4,3,0,0,0,0,0,3,1,London
2015-01-30,201501KF60077,540730.0,182910.0,0.027305,51.527572,1,3,2,1,6,09:43,17,E09000025,3,112,6,30,3,4,6,0,0,0,1,1,1,0,0,1,1,E01003607,201201HT20758,2,1,1,1,-1,-1,3,0,0,0,0,0,1,-1,London
2015-01-30,201501KF60059,541060.0,181750.0,0.031594,51.517066,1,2,2,1,6,18:07,17,E09000025,3,13,3,50,0,-1,-1,0,0,0,4,1,1,0,0,1,1,E01003604,201201HT20748,2,1,1,1,32,6,3,0,0,0,0,0,5,1,London
2015-01-30,201501ZT80034,522880.0,165590.0,-0.235882,51.376076,1,3,2,1,6,18:40,21,E09000029,3,2043,6,30,3,4,6,0,0,4,4,1,1,0,0,1,1,E01004190,201201WW50181,2,1,1,1,33,6,3,0,0,0,0,0,1,1,London
2015-01-30,20154100E0049,525970.0,224880.0,-0.170184,51.908221,41,3,1,1,6,13:30,435,E10000015,6,66,6,30,3,4,6,143,0,8,1,3,2,0,0,1,2,E01023762,2012212001825,4,2,1,1,39,7,3,0,0,0,0,0,9,1,Stevenage
2015-01-30,20154100E0052,522460.0,227060.0,-0.220407,51.928594,41,3,3,1,6,07:30,435,E10000015,3,602,1,60,1,2,2,1,0,0,1,1,2,0,0,2,2,E01023800,2012212001827,1,1,3,2,23,5,3,10,9,0,0,0,0,2,Stevenage
2015-01-30,2015440034455,457994.0,106936.0,-1.177399,50.859036,44,3,1,1,6,15:00,492,E10000014,3,32,6,30,0,-1,-1,0,0,0,1,1,2,0,0,1,1,E01022721,201230D000259,1,1,1,1,16,4,2,0,0,0,0,0,2,1,
2015-01-30,2015331500176,457849.0,299428.0,-1.147527,52.589584,33,3,2,2,6,07:48,364,E06000016,6,255,6,30,3,4,6,257,0,0,4,3,4,0,0,1,1,E01013674,2012160C00981,1,1,1,2,41,7,3,0,0,0,0,0,9,3,Leicester
2015-01-30,2015440034321,481526.0,149155.0,-0.833629,51.235764,44,3,2,2,6,12:55,494,E10000014,6,0,6,60,6,4,6,0,0,0,1,1,2,0,0,2,1,E01022856,201230D000258,2,3,2,2,47,8,3,0,0,1,0,0,9,-1,Hart
2015-01-30,2015440034257,465900.0,103311.0,-1.065737,50.825597,44,3,2,1,6,06:40,498,E06000044,3,288,6,30,3,4,6,0,0,0,4,1,1,0,0,1,2,E01017085,201230D000258,2,2,1,2,38,7,3,0,0,0,0,0,9,-1,Portsmouth
2015-01-30,201534WS02425,475291.0,253215.0,-0.900478,52.172069,34,3,3,3,6,17:05,384,E10000021,3,508,6,60,0,-1,-1,0,0,0,6,1,1,0,0,2,1,E01032985,2012170S12622,1,1,3,2,14,3,2,5,1,0,0,0,0,1,
2015-01-30,2015320005519,514093.0,408836.0,-0.278845,53.563744,32,3,2,1,6,09:56,356,E10000019,3,18,6,60,6,4,5,240,0,0,1,1,4,0,0,2,1,E01026367,201214K230712,1,2,2,2,42,7,3,0,0,1,0,0,9,1,West Lindsey