Date,Accident_Index_x,Location_Easting_OSGR,Location_Northing_OSGR,Longitude,Latitude,Police_Force,Accident_Severity,Number_of_Vehicles,Number_of_Casualties,Day_of_Week,Time,Local_Authority_(District),Local_Authority_(Highway),1st_Road_Class,1st_Road_Number,Road_Type,Speed_limit,Junction_Detail,Junction_Control,2nd_Road_Class,2nd_Road_Number,Pedestrian_Crossing-Human_Control,Pedestrian_Crossing-Physical_Facilities,Light_Conditions,Weather_Conditions,Road_Surface_Conditions,Special_Conditions_at_Site,Carriageway_Hazards,Urban_or_Rural_Area,Did_Police_Officer_Attend_Scene_of_Accident,LSOA_of_Accident_Location,Accident_Index_y,Vehicle_Reference,Casualty_Reference,Casualty_Class,Sex_of_Casualty,Age_of_Casualty,Age_Band_of_Casualty,Casualty_Severity,Pedestrian_Location,Pedestrian_Movement,Car_Passenger,Bus_or_Coach_Passenger,Pedestrian_Road_Maintenance_Worker,Casualty_Type,Casualty_Home_Area_Type,city
2015-01-31,201543R243015,496122.0,176179.0,-0.617327,51.476415,43,3,2,1,7,09:56,474,E06000040,3,308,1,30,1,4,6,7409,0,0,1,1,2,0,0,1,1,E01016550,2012236675512,1,1,1,1,37,7,3,0,0,0,0,0,9,1,
2015-01-31,2015160C01221,520295.0,447664.0,-0.170165,53.911172,16,3,2,2,7,11:50,231,E06000011,6,0,6,20,0,-1,-1,0,0,1,1,1,2,0,0,2,1,E01013049,2012100190812,1,3,2,1,63,9,3,0,0,1,0,0,9,-1,
2015-01-31,201501PY20087,547860.0,164280.0,0.122237,51.358355,1,2,2,4,7,14:57,19,E09000006,3,224,6,30,6,4,6,0,0,0,1,2,2,0,0,2,1,E01000685,201201LX50528,1,1,1,1,56,9,3,0,0,0,0,0,3,1,London
2015-01-31,201542I032001,570633.0,188284.0,0.460586,51.567611,42,2,2,1,7,02:00,450,E10000012,6,0,2,30,3,4,6,0,0,5,4,1,1,0,0,1,1,E01021296,2012212005737,1,1,1,1,16,4,3,0,0,0,0,0,3,1,
2015-01-31,201543R240015,497737.0,179797.0,-0.593079,51.50866,43,3,2,2,7,16:40,473,E06000039,6,7302,6,30,0,-1,-1,0,0,0,4,1,1,0,0,1,2,E01016512,2012236665712,2,2,1,1,36,7,3,0,0,0,0,0,9,3,
2015-01-31,201501SX20112,523500.0,186130.0,-0.219808,51.560538,1,2,1,2,7,12:35,28,E09000005,3,5,6,30,3,4,3,5,0,4,1,9,2,0,0,1,1,E01000553,201201QA10028,2,2,2,2,35,6,3,0,0,1,0,0,9,1,London
2015-01-31,201542I032101,587507.0,188784.0,0.704041,51.566749,42,3,2,3,7,12:49,460,E06000033,6,0,6,30,3,4,6,0,0,0,1,8,2,0,0,2,1,E01015867,2012212005739,1,1,2,1,26,6,2,0,0,1,0,0,9,1,
2015-01-31,2015331505035,462420.0,305975.0,-1.07883,52.647928,33,3,2,2,7,13:05,364,E06000016,6,2585,6,30,6,4,6,1020,0,0,1,1,1,0,0,1,1,E01013697,2012160D06621,1,2,2,1,6,2,3,0,0,1,0,0,9,1,Leicester
2015-01-31,201542I031901,580732.0,183521.0,0.603698,51.521686,42,2,2,1,7,16:15,453,E10000012,4,1014,6,30,3,4,6,0,0,0,1,2,2,0,0,1,1,E01021497,2012212005736,1,1,1,1,39,7,3,0,0,0,0,0,9,1,Castle Point
2015-01-31,201520K003795,397600.0,292500.0,-2.036809,52.530363,20,2,1,1,7,18:38,305,E08000028,3,461,6,30,0,-1,-1,0,0,4,4,1,1,0,0,1,1,E01009980,201211SJ06022,2,1,1,2,39,7,3,0,0,0,0,0,9,1,Sandwell
2015-01-31,2015540997815,413818.0,130224.0,-1.804158,51.071181,54,3,3,1,7,07:58,635,E06000054,5,329,6,30,3,4,6,0,0,4,1,2,2,0,0,1,1,E01032024,20124100D0765,1,1,3,1,14,3,3,4,1,0,0,0,0,1,Salisbury
2015-01-31,201520K601805,395860.0,290740.0,-2.062435,52.51453,20,3,2,1,7,14:20,305,E08000028,3,461,6,40,8,4,3,4123,0,0,1,8,2,0,0,1,2,E01010072,201211SK25472,1,1,2,1,34,6,3,0,0,1,0,0,9,1,Sandwell
2015-01-31,2015100044315,420790.0,563064.0,-1.676845,54.961779,10,2,1,1,7,17:37,146,E08000020,6,4220,3,40,0,-1,-1,0,0,8,4,1,1,0,0,1,1,E01008262,201205AA01850,1,1,1,2,58,9,3,0,0,0,0,0,9,1,Gateshead
2015-01-31,201523N035146,448872.0,274370.0,-1.28369,52.365211,23,3,2,1,7,18:30,292,E10000031,6,0,6,30,0,-1,-1,0,0,0,4,1,2,0,0,1,1,E01031136,2012130441528,1,1,3,1,11,3,3,5,4,0,0,0,0,-1,
2015-01-31,201501KF60078,542710.0,185900.0,0.057039,51.553943,1,3,2,1,7,00:39,17,E09000025,3,118,6,30,8,4,6,0,0,0,4,1,1,0,0,1,1,E01003576,201201HT20759,2,1,1,1,37,7,3,0,0,0,0,0,1,1,London
2015-01-31,201506Q097317,394160.0,411150.0,-2.089713,53.596888,6,3,1,1,7,04:35,104,E08000004,3,663,6,30,0,-1,-1,0,0,0,4,1,2,0,0,2,1,E01005443,201204DA12084,1,1,3,1,6,2,3,5,3,0,0,0,0,1,
2015-01-31,2015621500208,288919.0,207178.0,-3.610599,51.752245,62,2,2,1,7,16:29,743,W06000012,3,4109,6,30,0,-1,-1,0,0,0,4,1,2,0,0,2,1,W01000926,201242I266908,2,3,2,1,5,1,2,0,0,2,0,0,9,1,
2015-01-31,201520K003175,401570.0,287000.0,-1.978311,52.480922,20,3,2,1,7,02:30,305,E08000028,6,0,6,30,3,4,6,0,0,0,4,3,3,0,0,1,2,E01009922,201211SJ02062,1,1,1,2,22,5,3,0,0,0,0,0,9,1,Sandwell
2015-01-31,201520K003165,399980.0,291700.0,-2.001725,52.523177,20,3,1,1,7,14:15,305,E08000028,6,0,6,30,3,4,6,0,0,0,1,9,1,0,0,1,2,E01010106,201211SJ01912,2,1,2,1,16,4,3,0,0,2,0,0,9,2,Sandwell
2015-01-31,2015300012846,442400.0,370200.0,-1.366339,53.227158,30,3,1,1,7,21:20,327,E10000007,4,6425,6,50,0,-1,-1,0,0,0,6,1,4,0,0,2,1,E01019821,2012130518820,2,1,1,1,28,6,3,0,0,0,0,0,9,3,North East Derbyshire
2015-01-31,201543W235015,470879.0,174948.0,-0.980976,51.46907,43,3,2,1,7,14:13,472,E06000038,6,7201,6,30,3,4,6,7201,0,0,1,1,2,0,0,1,1,E01016364,201230C001992,1,2,2,2,11,3,3,0,0,0,4,0,11,3,
2015-01-31,201543W227015,476507.0,171571.0,-0.900696,51.437979,43,3,2,1,7,11:38,475,E06000041,3,329,6,30,3,2,6,7504,0,0,1,2,2,0,0,1,1,E01016669,201230C001970,1,1,1,2,35,6,3,0,0,0,0,0,9,2,
2015-01-31,201501TX20083,510400.0,174550.0,-0.412325,51.459171,1,3,2,1,7,17:16,25,E09000018,3,312,3,30,6,2,6,0,0,5,4,1,1,0,0,1,1,E01002592,201201RG40251,2,1,1,1,23,5,3,0,0,0,0,0,9,-1,London
2015-01-31,201550JH2D001,281054.0,52499.0,-3.673582,50.360344,50,1,3,3,7,11:37,584,E10000008,3,3122,6,60,0,-1,-1,0,0,0,1,1,2,0,0,2,1,E01020188,2012370257112,1,1,1,1,27,6,2,0,0,0,0,0,9,2,South Hams
2015-01-31,2015520500813,318521.0,122878.0,-3.162517,50.999502,52,3,2,1,7,19:00,608,E10000027,3,38,9,50,0,-1,-1,0,0,0,6,9,2,0,0,2,2,E01029256,2012370464112,1,3,1,1,24,5,3,0,0,0,0,0,9,3,Somerset West and Taunton
2015-01-31,201501VW40036,527660.0,169040.0,-0.166002,51.406027,1,3,1,1,7,12:44,22,E09000024,3,236,6,30,6,2,3,217,0,5,1,2,2,0,0,1,1,E01003379,201201SX20228,1,1,1,1,42,7,3,0,0,0,0,0,5,3,London
2015-01-31,201501WW50146,528580.0,177690.0,-0.149643,51.483556,1,3,2,1,7,20:00,10,E09000032,3,3216,6,30,0,-1,-1,0,0,0,4,1,1,0,0,1,1,E01033098,201201SX20797,1,1,1,1,40,7,3,0,0,0,0,0,5,1,City of Westminster
2015-01-31,2015160C03731,509658.0,438599.0,-0.335257,53.832089,16,3,2,1,7,17:36,231,E06000011,6,0,6,40,0,-1,-1,0,0,0,6,1,1,0,0,2,1,E01013027,2012100222612,2,5,2,2,11,3,3,0,0,2,0,0,9,1,
2015-01-31,201550JS2K002,269858.0,55373.0,-3.831896,50.383806,50,3,1,1,7,06:50,584,E10000008,4,3196,6,30,0,-1,-1,0,0,0,6,8,4,0,0,2,1,E01020160,2012370327812,2,1,1,1,73,10,3,0,0,0,0,0,4,1,South Hams
2015-01-31,201542I032501,577922.0,222090.0,0.582895,51.869008,42,3,2,1,7,17:40,451,E10000012,3,120,3,70,0,-1,-1,0,0,0,4,2,2,0,0,2,1,E01021380,2012212005744,1,3,1,1,20,4,3,0,0,0,0,0,9,1,
2015-01-31,201501XH30048,508270.0,181050.0,-0.44098,51.518005,1,3,1,1,7,13:55,26,E09000017,5,0,6,30,3,4,6,0,0,0,1,1,1,0,0,1,1,E01002402,201201TB00519,2,1,1,1,92,11,2,0,0,0,0,0,90,1,London
2015-01-31,201506G097087,392870.0,399280.0,-2.108929,53.49018,6,3,1,1,7,15:55,110,E08000008,3,6140,3,30,6,2,5,0,0,5,1,1,1,0,0,1,1,E01005950,201204BB12051,1,1,1,1,17,4,2,0,0,0,0,0,1,2,Tameside
2015-01-31,20154100B0079,522420.0,212520.0,-0.226136,51.797937,41,3,2,1,7,19:00,438,E10000015,4,197,6,60,0,-1,-1,0,0,0,6,1,1,0,0,2,1,E01023919,2012212000291,1,1,1,2,70,10,3,0,0,0,0,0,9,1,Welwyn Hatfield
2015-01-31,201550JI2B002,263864.0,55758.0,-3.916297,50.385909,50,3,2,1,7,07:50,584,E10000008,6,0,6,30,3,4,6,0,0,0,1,1,4,0,0,1,2,E01020163,2012370260512,2,2,1,2,40,7,3,0,0,0,0,0,9,1,South Hams
2015-01-31,201501PY20079,549180.0,170040.0,0.143599,51.409765,1,3,1,1,7,14:25,19,E09000006,3,20,3,70,0,-1,-1,0,0,0,1,2,2,0,0,2,1,E01000720,201201LX50521,2,1,1,1,34,6,3,0,0,0,0,0,1,1,London
2015-01-31,2015100043615,437027.0,555256.0,-1.424279,54.890681,10,3,2,3,7,12:40,150,E08000024,5,1405,3,30,0,-1,-1,0,0,0,1,1,2,0,0,1,1,E01008825,201205AA01814,2,1,1,1,44,7,2,0,0,0,0,0,4,1,Sunderland
2015-01-31,201520G001695,391670.0,297700.0,-2.124355,52.57705,20,3,2,1,7,09:50,309,E08000031,3,4123,6,30,6,2,6,0,0,0,1,9,1,0,0,1,1,E01010454,201211ND19032,1,1,1,1,48,8,3,0,0,0,0,0,4,1,Wolverhampton
2015-01-31,201501JC30043,538060.0,192880.0,-0.007245,51.61782,1,3,2,1,7,15:02,13,E09000031,3,1009,6,30,0,-1,-1,0,0,4,1,2,2,0,0,1,1,E01004413,201201FH10320,1,1,3,1,12,3,3,1,1,0,0,2,0,1,London
2015-01-31,201531B023215,456418.0,381813.0,-1.154326,53.330232,31,3,2,2,7,13:59,341,E10000024,5,154,1,50,1,4,3,57,0,0,1,2,5,0,0,2,1,E01028047,201214B061812,1,1,1,2,35,6,3,0,0,0,0,0,9,1,Bassetlaw
2015-01-31,201501JC30045,537790.0,188150.0,-0.012999,51.575383,1,3,2,1,7,16:20,13,E09000031,3,112,6,30,6,2,3,104,0,5,1,2,2,0,0,1,1,E01004420,201201FH10321,2,1,1,1,44,7,3,0,0,0,0,0,5,1,London
2015-01-31,201501MM70096,535010.0,174200.0,-0.058428,51.450697,1,3,1,2,7,01:36,8,E09000028,4,238,6,30,3,4,6,0,0,0,4,1,1,0,0,1,1,E01004017,201201KF60101,1,1,3,2,7,2,3,5,1,0,0,2,0,1,London
2015-01-31,2015120017020,476890.0,470672.0,-0.824938,54.126164,12,2,1,2,7,10:42,185,E10000023,3,64,3,70,0,-1,-1,0,0,0,1,2,2,0,0,2,1,E01027778,201205FF05928,2,3,2,2,70,10,3,0,0,0,4,0,11,-1,Ryedale
2015-01-31,201542I032301,559709.0,237243.0,0.325632,52.010641,42,3,2,1,7,13:45,463,E10000012,6,0,6,40,0,-1,-1,0,0,0,1,3,3,0,0,2,1,E01022097,2012212005744,1,1,2,1,18,4,3,0,0,1,0,0,9,-1,Uttlesford
2015-01-31,201501TW60041,516760.0,174320.0,-0.320898,51.455829,1,3,2,1,7,20:00,24,E09000027,3,3004,6,30,3,4,6,0,0,0,4,1,2,0,0,1,1,E01003868,201201QK50655,2,1,1,1,18,4,3,0,0,0,0,0,4,1,London
2015-01-31,201550JI2G001,261403.0,55726.0,-3.950881,50.385046,50,3,1,1,7,10:54,584,E10000008,3,38,3,70,0,-1,-1,0,0,0,1,5,2,0,0,1,1,E01020159,2012370263712,1,1,1,2,21,5,3,0,0,0,0,0,9,1,South Hams
2015-01-31,201550JO3C004,252596.0,88059.0,-4.087467,50.67348,50,3,2,2,7,16:38,589,E10000008,3,386,6,60,0,-1,-1,0,0,0,1,3,3,0,0,2,1,E01020314,2012370313612,1,1,1,2,21,5,3,0,0,0,0,0,9,1,West Devon
2015-01-31,201501WW50095,525410.0,172860.0,-0.196982,51.44086,1,3,2,2,7,18:16,10,E09000032,3,218,6,30,3,4,5,0,0,0,4,1,1,0,0,1,2,E01004598,201201SX20739,1,1,1,2,21,5,3,0,0,0,0,0,9,1,London
2015-01-31,201501WW50134,528230.0,172690.0,-0.156492,51.438701,1,3,2,1,7,12:55,10,E09000032,3,24,6,30,3,4,6,0,0,0,1,8,2,0,0,1,1,E01004548,201201SX20776,1,1,1,1,21,5,3,0,0,0,0,0,9,1,London
2015-01-31,2015100087415,425149.0,563927.0,-1.608695,54.969334,10,3,1,1,7,23:15,147,E08000021,5,322,6,30,0,-1,-1,0,0,0,4,1,1,0,0,1,2,E01033543,201205AA03391,1,1,1,1,22,5,3,0,0,0,0,0,9,1,Newcastle upon Tyne
2015-01-31,201542I036301,587428.0,190516.0,0.703826,51.58233,42,3,1,1,7,22:22,459,E10000012,6,0,6,30,3,4,6,0,0,0,4,1,1,0,0,1,1,E01021955,2012212005828,2,1,2,2,26,6,3,0,0,2,0,0,8,1,
2015-01-31,201542I038801,620945.0,216724.0,1.203424,51.805474,42,3,2,1,7,11:30,461,E10000012,4,1032,6,30,3,4,6,0,0,0,1,3,3,0,0,1,1,E01022008,2012212005866,2,2,1,1,49,8,3,0,0,0,0,0,9,1,
2015-01-31,2015440035276,437821.0,144608.0,-1.460077,51.199442,44,3,2,1,7,06:00,501,E10000014,3,303,3,70,0,-1,-1,0,0,0,6,2,2,0,0,2,1,E01023215,201230D000267,2,3,2,2,75,10,3,0,0,1,0,0,9,1,Test Valley
2015-01-31,2015215000722,386774.0,347875.0,-2.19865,53.027996,21,3,2,2,7,11:50,257,E06000021,6,0,6,30,0,-1,-1,0,0,0,1,1,2,0,0,2,1,E01014285,2012130183639,2,1,1,1,49,8,3,0,0,0,0,0,5,1,Stoke-on-Trent
2015-01-31,201522G500364,370020.0,313070.0,-2.44523,52.714451,22,3,2,1,7,10:45,284,E06000020,6,0,6,30,0,-1,-1,0,0,0,1,1,1,0,0,1,1,E01014208,2012130375261,2,1,2,2,8,2,3,0,0,2,0,0,9,-1,
2015-01-31,201506L097126,367820.0,402950.0,-2.486843,53.522225,6,3,1,1,7,02:10,114,E08000010,3,577,6,30,0,-1,-1,0,0,0,4,1,1,0,0,1,2,E01006292,201204CA12230,2,2,1,2,68,10,2,0,0,0,0,0,9,1,
2015-01-31,201550GP2A001,181101.0,32503.0,-5.06558,50.152082,50,3,1,1,7,14:42,596,E06000052,6,0,6,30,6,3,6,0,0,0,1,4,2,0,0,1,1,E01018804,2012370164512,1,2,2,2,36,7,3,0,0,1,0,0,9,-1,
2015-01-31,2015555999297,415326.0,92974.0,-1.784187,50.736179,55,2,2,1,7,09:50,641,E10000009,3,35,3,40,0,-1,-1,0,0,0,1,1,1,0,0,1,2,E01020368,201242I070302,3,1,1,2,39,7,3,0,0,0,0,0,9,-1,
2015-01-31,201520Z000575,399300.0,297080.0,-2.01176,52.571542,20,3,3,1,7,07:30,307,E08000030,1,6,3,70,0,-1,-1,0,0,0,1,2,2,0,0,2,2,E01010367,2012130010886,2,4,2,1,21,5,3,0,0,1,0,0,9,1,
2015-01-31,201522F500441,348930.0,312640.0,-2.757334,52.709002,22,3,1,1,7,22:22,286,E06000051,6,0,6,30,0,-1,-1,0,0,0,4,1,1,0,0,1,1,E01028946,2012130348490,2,1,1,1,35,6,2,0,0,0,0,0,1,3,
2015-01-31,201504SC15023,358820.0,419370.0,-2.624757,53.669174,4,3,4,2,7,18:16,73,E10000017,1,61,7,70,0,-1,-1,0,0,0,6,1,1,0,0,2,1,E01024933,201201YE80731,1,1,2,1,17,4,3,0,0,1,0,0,9,-1,Chorley
2015-01-31,2015120017807,385920.0,490694.0,-2.217916,54.311644,12,3,2,1,7,12:30,184,E10000023,3,684,6,40,0,-1,-1,0,0,0,1,1,2,0,0,2,2,E01027753,201205FF05969,2,4,2,1,4,1,3,0,0,2,0,0,9,1,Richmondshire
2015-01-31,201520M002415,428510.0,277320.0,-1.582465,52.393164,20,2,1,1,7,19:42,302,E08000026,6,0,6,30,0,-1,-1,0,0,0,4,1,1,0,0,1,1,E01032531,2012120010890,1,1,3,1,54,8,3,9,9,0,0,0,0,1,Coventry
2015-01-31,2015051500336,332002.0,388856.0,-3.023965,53.392141,5,1,2,3,7,01:52,95,E08000015,3,553,3,30,0,-1,-1,0,0,5,4,2,2,0,0,1,1,E01007126,201201ZD30828,1,2,1,1,55,8,3,0,0,0,0,0,5,1,
2015-01-31,201501CP00007,533330.0,181690.0,-0.079765,51.518403,48,2,1,1,7,23:20,570,E09000001,3,10,6,30,3,2,5,0,0,5,4,1,1,0,0,1,1,E01032739,201197QB06004,1,1,1,1,17,4,3,0,0,0,0,0,9,2,City of London
2015-01-31,201506M096820,376670.0,387290.0,-2.352194,53.381938,6,3,2,1,7,10:43,112,E08000009,3,538,1,30,2,4,4,5161,0,0,1,1,2,0,0,1,1,E01006077,201204CJ12154,2,1,1,1,28,6,3,0,0,0,0,0,9,1,Trafford
2015-01-31,201550EL2J002,248314.0,59646.0,-4.136447,50.417042,50,3,2,1,7,11:45,583,E06000026,6,0,6,30,0,-1,-1,0,0,0,1,2,2,0,0,1,1,E01015027,2012370025212,1,1,1,1,58,9,3,0,0,0,0,0,19,3,Plymouth
2015-01-31,201514A045615,461150.0,392712.0,-1.081177,53.427662,14,3,1,1,7,12:38,211,E08000017,4,6463,6,60,0,-1,-1,0,0,0,1,1,5,0,0,2,2,E01007614,2012070110554,2,1,1,2,24,5,3,0,0,0,0,0,9,1,Doncaster
2015-01-31,2015075029022,390921.0,373507.0,-2.137554,53.258487,7,3,2,1,7,18:10,129,E06000049,4,5088,6,30,3,4,6,1473,0,0,4,1,2,0,0,1,1,E01018632,201204DL12122,1,1,2,2,48,8,3,0,0,2,0,0,8,1,
2015-01-31,2015215000660,389615.0,347370.0,-2.156274,53.02352,21,3,2,2,7,21:05,257,E06000021,3,52,3,30,6,2,3,52,0,4,4,1,1,0,0,1,1,E01033216,2012130182344,1,1,3,1,22,5,3,5,9,0,0,0,0,1,Stoke-on-Trent
2015-01-31,2015051502406,340536.0,387933.0,-2.895482,53.384877,5,2,2,1,7,07:37,91,E08000012,3,562,3,30,6,2,6,0,2,5,1,1,1,0,0,1,1,E01006597,2012030001812,2,1,1,2,30,6,3,0,0,0,0,0,9,2,Liverpool
2015-01-31,201514B011215,437831.0,400392.0,-1.431175,53.498873,14,3,2,2,7,11:37,210,E08000016,6,0,6,30,6,4,6,0,0,0,1,1,1,0,0,1,1,E01007393,2012070172009,2,1,1,1,52,8,3,0,0,0,0,0,5,1,
2015-01-31,2015540995115,417083.0,122359.0,-1.757926,51.000371,54,3,1,2,7,05:45,635,E06000054,3,338,6,60,0,-1,-1,0,0,0,6,1,2,0,7,2,1,E01031995,20124100D0764,2,2,2,2,18,4,3,0,0,2,0,0,9,1,
2015-01-31,2015215000688,420350.0,321608.0,-1.699668,52.791661,21,3,2,1,7,08:00,251,E10000028,6,477,6,30,6,4,5,58,0,0,1,7,2,0,0,2,2,E01029440,2012130183021,1,1,2,1,35,6,2,0,0,0,1,0,11,1,East Staffordshire
2015-01-31,2015540993415,396882.0,179522.0,-2.046325,51.514613,54,3,1,1,7,00:59,635,E06000054,4,4069,6,60,0,-1,-1,0,0,0,6,1,2,0,7,2,1,E01031891,20124100D0764,2,1,2,2,22,5,3,0,0,1,0,0,9,1,
2015-01-31,2015132240971,429780.0,433662.0,-1.549362,53.798416,13,2,1,1,7,13:45,204,E08000035,6,0,6,30,3,4,6,0,0,0,1,1,1,0,0,1,2,E01033008,201206G064754,1,3,2,2,24,5,2,0,0,2,0,0,9,1,Leeds
2015-01-31,201520S007195,403310.0,277300.0,-1.952784,52.393712,20,2,1,1,7,18:14,300,E08000025,6,0,2,30,0,-1,-1,0,0,0,4,1,2,0,0,1,1,E01009112,2012120082444,1,1,1,1,83,11,2,0,0,0,0,0,9,3,Birmingham
2015-01-31,2015160D00421,508934.0,430772.0,-0.349017,53.761921,16,3,2,1,7,19:24,228,E06000010,6,0,6,30,3,4,6,0,0,0,4,4,2,0,0,1,1,E01012867,2012100301912,1,1,1,2,47,8,3,0,0,0,0,0,90,-1,Hull
2015-01-31,2015540998515,392522.0,172766.0,-2.109011,51.453825,54,3,2,1,7,09:54,635,E06000054,5,365,6,30,3,4,6,0,0,0,1,1,1,0,0,1,1,E01031917,20124100D0766,2,1,1,2,23,5,3,0,0,0,0,0,9,1,
2015-01-31,2015051500340,336011.0,391420.0,-2.964211,53.415686,5,3,3,1,7,14:10,91,E08000012,3,5050,6,30,0,-1,-1,0,0,0,1,1,1,0,0,1,1,E01006646,201201ZD30829,1,1,1,1,18,4,3,0,0,0,0,0,1,-1,Liverpool
2015-01-31,201501WW50110,527940.0,175590.0,-0.159614,51.464829,1,3,2,1,7,18:15,10,E09000032,3,3036,6,30,3,4,6,0,0,0,4,1,1,0,2,1,2,E01004589,201201SX20750,1,1,1,1,40,7,3,0,0,0,0,0,5,1,London
2015-01-31,2015541011215,408422.0,182970.0,-1.879944,51.545563,54,3,2,2,7,18:13,635,E06000054,3,3102,6,60,8,4,6,0,0,0,4,1,1,0,0,2,1,E01031961,20124100D0768,1,1,1,2,35,6,3,0,0,0,0,0,9,1,
2015-01-31,2015215000666,407742.0,308577.0,-1.886936,52.674844,21,3,1,2,7,01:10,252,E10000028,3,5190,6,50,0,-1,-1,0,0,0,6,3,3,0,0,2,1,E01029505,2012130182478,1,2,2,2,33,6,3,0,0,1,0,0,9,1,Lichfield
2015-01-31,201504SC15024,359380.0,417740.0,-2.616068,53.654568,4,2,1,1,7,19:30,73,E10000017,6,0,6,30,3,4,6,0,0,0,4,1,2,0,2,1,1,E01024928,201201YE80731,1,2,2,2,6,2,3,0,0,1,0,0,9,-1,Chorley
2015-01-31,2015450021551,530641.0,141940.0,-0.13307,51.161801,45,3,2,1,7,07:00,513,E10000030,1,23,7,70,5,4,1,23,0,0,6,3,2,0,0,2,1,E01030583,201231C266712,1,2,3,2,14,3,3,1,3,0,0,0,0,1,Reigate and Banstead
2015-01-31,201501QK50083,518570.0,185240.0,-0.291192,51.553596,1,3,2,1,7,13:35,28,E09000005,3,404,6,30,3,4,6,0,0,4,1,4,2,0,0,1,1,E01000635,201201MM70788,2,2,1,2,65,9,3,0,0,0,0,0,3,1,London
2015-01-31,2015215000665,391735.0,324242.0,-2.124072,52.815653,21,3,1,1,7,00:40,255,E10000028,3,513,6,30,0,-1,-1,0,0,4,4,3,3,0,0,1,1,E01029691,2012130182478,1,1,1,1,39,7,3,0,0,0,0,0,9,-1,Stafford
2015-01-31,2015075029300,358768.0,384041.0,-2.620883,53.351638,7,3,2,1,7,18:15,128,E06000007,3,56,6,40,0,-1,-1,0,0,0,4,1,1,0,0,2,2,E01012502,201204DL12123,2,1,1,1,62,9,3,0,0,0,0,0,9,1,
2015-01-31,201511NF01915,441007.0,548574.0,-1.363181,54.830328,11,3,2,1,7,12:10,169,E06000047,4,1287,6,40,3,4,6,0,0,0,1,1,2,0,0,2,2,E01020750,201205EE05036,1,1,3,1,52,8,2,5,1,0,0,0,0,-1,
2015-01-31,201550FP2D007,288450.0,59551.0,-3.571742,50.42519,50,3,6,1,7,02:00,587,E06000027,6,0,6,30,0,-1,-1,0,0,0,4,1,1,0,0,1,1,E01015220,2012370081012,1,1,1,1,18,4,2,0,0,0,0,0,9,1,
2015-01-31,201520L000915,421390.0,283040.0,-1.686729,52.44491,20,2,1,1,7,06:50,306,E08000029,3,452,3,70,0,-1,-1,0,0,0,6,2,2,0,2,2,1,E01010108,201211SK32542,2,1,1,2,62,9,3,0,0,0,0,0,9,1,
2015-01-31,201504WB15032,349870.0,470610.0,-2.768616,54.128884,4,2,1,1,7,23:00,76,E10000017,6,0,6,30,6,2,3,6,2,5,4,1,1,0,0,2,1,E01025098,201201YR90695,1,1,2,2,-1,-1,3,0,0,0,3,0,11,-1,
2015-01-31,2015051500347,336180.0,390879.0,-2.961559,53.410845,5,3,2,1,7,12:35,91,E08000012,6,0,3,30,3,2,6,0,0,5,1,4,2,0,0,1,1,E01006747,201201ZD30830,3,4,2,1,24,5,2,0,0,1,0,0,9,1,Liverpool
2015-01-31,2015051500354,334175.0,416082.0,-2.997024,53.637098,5,3,2,1,7,14:20,93,E08000014,6,0,6,30,6,2,6,0,0,5,1,1,1,0,0,1,2,E01006994,201201ZD30834,1,1,1,1,28,6,3,0,0,0,0,0,1,1,
2015-01-31,201501CW10097,529650.0,180820.0,-0.133093,51.51144,1,3,2,2,7,12:30,1,E09000033,3,401,6,30,6,2,6,0,0,5,1,2,2,0,0,1,1,E01004736,201197QD03312,1,1,3,1,21,5,3,5,3,0,0,0,0,1,City of Westminster
2015-01-31,2015030000244,374150.0,516640.0,-2.401092,54.544352,3,1,2,3,7,18:47,64,E10000006,3,66,6,40,0,-1,-1,0,0,0,6,1,1,0,0,2,1,E01019340,201201WW50591,1,1,1,1,52,8,3,0,0,0,0,0,1,1,Eden
2015-01-31,201520M004675,433610.0,281220.0,-1.507131,52.427936,20,3,2,2,7,14:40,302,E08000026,6,0,6,30,3,4,6,0,0,0,1,1,2,0,0,1,1,E01009566,2012120014497,1,1,1,1,62,9,3,0,0,0,0,0,9,2,Coventry
2015-01-31,2015030000281,340340.0,496970.0,-2.919687,54.364739,3,2,1,2,7,14:42,65,E10000006,3,592,1,30,2,4,3,5074,0,0,1,1,1,0,0,2,1,E01019397,201201WW50596,1,1,1,1,47,8,3,0,0,0,0,0,1,1,South Lakeland
2015-01-31,2015030000282,321010.0,469140.0,-3.209776,54.112045,3,3,2,1,7,12:55,61,E10000006,6,0,6,30,6,4,6,0,0,0,1,1,1,0,0,1,1,E01019173,201201WW50597,2,1,1,1,36,7,3,0,0,0,0,0,1,1,
2015-01-31,201501CW10101,528990.0,181220.0,-0.142452,51.515186,1,3,1,1,7,01:58,1,E09000033,3,40,6,30,6,2,3,4201,0,5,4,1,1,0,0,1,1,E01033595,201197QD70101,1,1,3,1,61,9,2,5,1,0,0,0,0,1,City of Westminster
2015-01-31,2015051500353,345267.0,392656.0,-2.825183,53.427838,5,3,2,2,7,12:15,90,E08000011,3,57,3,70,5,4,1,57,0,0,1,1,1,0,0,2,2,E01006440,201201ZD30833,1,1,1,1,36,7,3,0,0,0,0,0,9,1,Knowsley