Date,Accident_Index_x,Location_Easting_OSGR,Location_Northing_OSGR,Longitude,Latitude,Police_Force,Accident_Severity,Number_of_Vehicles,Number_of_Casualties,Day_of_Week,Time,Local_Authority_(District),Local_Authority_(Highway),1st_Road_Class,1st_Road_Number,Road_Type,Speed_limit,Junction_Detail,Junction_Control,2nd_Road_Class,2nd_Road_Number,Pedestrian_Crossing-Human_Control,Pedestrian_Crossing-Physical_Facilities,Light_Conditions,Weather_Conditions,Road_Surface_Conditions,Special_Conditions_at_Site,Carriageway_Hazards,Urban_or_Rural_Area,Did_Police_Officer_Attend_Scene_of_Accident,LSOA_of_Accident_Location,Accident_Index_y,Vehicle_Reference,Casualty_Reference,Casualty_Class,Sex_of_Casualty,Age_of_Casualty,Age_Band_of_Casualty,Casualty_Severity,Pedestrian_Location,Pedestrian_Movement,Car_Passenger,Bus_or_Coach_Passenger,Pedestrian_Road_Maintenance_Worker,Casualty_Type,Casualty_Home_Area_Type,city
2015-01-31,201550ED2N004,247410.0,55263.0,-4.147381,50.377418,50,3,2,1,7,08:02,583,E06000026,6,0,1,30,1,4,6,0,0,0,1,2,2,0,0,1,1,E01015169,201236T120164,2,1,1,2,33,6,3,0,0,0,0,0,9,1,Plymouth
2015-01-31,2015030000285,333800.0,526630.0,-3.026984,54.630439,3,3,4,2,7,13:30,64,E10000006,3,66,6,60,0,-1,-1,0,0,0,1,1,2,0,0,2,1,E01019313,201201WW50600,1,1,1,1,38,7,3,0,0,0,0,0,1,1,Eden
2015-01-31,201501CW10104,525970.0,181010.0,-0.186026,51.513979,1,3,2,1,7,20:00,1,E09000033,6,0,6,30,3,4,6,0,0,0,4,1,2,0,0,1,1,E01004698,201197QD70109,1,1,3,1,12,3,3,5,3,0,0,0,0,-1,City of Westminster
2015-01-31,201504EF15035,378600.0,423240.0,-2.325652,53.705145,4,3,1,1,7,19:57,82,E10000017,6,0,6,30,3,4,6,0,0,0,4,1,1,0,0,1,1,E01025397,201201XH30207,2,1,1,2,25,5,3,0,0,0,0,0,9,1,Rossendale
2015-01-31,201501KG70048,544630.0,183750.0,0.08383,51.534135,1,3,2,1,7,15:45,16,E09000002,3,123,1,30,2,4,6,0,0,0,1,1,1,0,0,1,1,E01000051,201201JC30544,1,1,1,1,36,7,3,0,0,0,0,0,9,1,London
2015-01-31,2015520501341,344124.0,110167.0,-2.795745,50.888273,52,3,1,1,7,01:00,610,E10000027,3,356,6,30,0,-1,-1,0,0,0,4,1,2,0,0,2,1,E01029184,2012370477212,3,2,1,2,23,5,3,0,0,0,0,0,9,1,South Somerset
2015-01-31,2015621500206,316499.0,177352.0,-3.204048,51.488927,62,2,2,1,7,13:45,741,W06000015,3,4119,6,30,3,4,6,0,0,0,1,1,1,0,0,2,1,W01001859,201242I266908,2,1,1,2,49,8,2,0,0,0,0,0,9,1,Cardiff
2015-01-31,201531B014915,470760.0,381300.0,-0.939126,53.323902,31,3,2,2,7,09:39,341,E10000024,3,638,6,30,6,2,5,7,0,5,1,1,2,0,0,1,1,E01028011,201214B057612,1,1,2,2,-1,-1,3,0,0,0,2,0,11,3,Bassetlaw
2015-01-31,201501CW10103,528970.0,181850.0,-0.14251,51.520852,1,3,2,3,7,15:46,1,E09000033,6,0,2,30,6,4,6,0,0,0,1,1,1,0,0,1,1,E01004715,201197QD70106,1,2,2,1,16,4,3,0,0,1,0,0,9,1,City of Westminster
2015-01-31,2015320005706,492579.0,336564.0,-0.624537,52.918527,32,3,2,2,7,19:50,355,E10000019,6,0,6,30,0,-1,-1,0,0,0,4,1,1,0,0,1,1,E01026326,201214K231312,1,1,2,1,70,10,3,0,0,0,3,0,11,1,
2015-01-31,201560S014579,312644.0,358358.0,-3.3066,53.115222,60,3,1,1,7,12:50,723,W06000004,3,525,6,30,8,4,6,0,0,0,1,1,1,0,0,2,1,W01000243,201242I100504,2,1,1,2,64,9,3,0,0,0,0,0,9,3,
2015-01-31,201560S014543,257342.0,371327.0,-4.138122,53.219786,60,3,1,1,7,11:50,722,W06000002,3,487,6,30,0,-1,-1,0,0,0,1,1,1,0,0,1,1,W01000075,201242I100404,1,1,3,2,4,1,3,3,3,0,0,2,0,1,
2015-01-31,2015350011415,519310.0,295930.0,-0.241907,52.548153,35,3,3,2,7,11:25,394,E06000031,3,1139,3,70,5,4,3,1139,0,0,1,3,2,0,0,2,1,E01015671,2012170S41352,1,1,1,2,18,4,3,0,0,0,0,0,9,3,Peterborough
2015-01-31,201537EA88164,615005.0,244956.0,1.135033,52.061238,37,3,3,1,7,14:09,412,E10000029,3,1214,6,30,0,-1,-1,0,0,8,5,1,2,0,0,1,1,E01030023,201220N055972,2,1,1,2,36,7,3,0,0,0,0,0,1,1,
2015-01-31,2015120017341,429809.0,451960.0,-1.547149,53.962869,12,2,1,1,7,22:05,182,E10000023,5,243,6,30,0,-1,-1,0,0,0,7,1,2,0,0,2,1,E01027699,201205FF05934,2,1,1,1,63,9,3,0,0,0,0,0,5,1,
2015-01-31,2015350011515,528820.0,281760.0,-0.107213,52.41867,35,3,3,3,7,18:00,393,E10000003,4,1040,6,60,0,-1,-1,0,0,0,6,1,2,0,0,2,1,E01018208,2012170S41352,2,2,1,2,26,6,3,0,0,0,0,0,9,1,Huntingdonshire
2015-01-31,2015621500202,269950.0,212244.0,-3.887147,51.793683,62,3,4,2,7,19:11,743,W06000012,3,474,6,40,0,-1,-1,0,0,0,4,3,3,0,0,2,1,W01000928,201242I266508,1,1,1,1,19,4,3,0,0,0,0,0,3,1,
2015-01-31,2015610003715,315628.0,186592.0,-3.218807,51.57186,61,3,2,3,7,12:56,731,W06000018,6,0,6,30,3,4,6,0,0,0,1,1,1,0,0,1,1,W01001425,201242I200307,2,1,1,1,63,9,2,0,0,0,0,0,1,1,
2015-01-31,2015030000234,340740.0,477860.0,-2.90974,54.193061,3,3,2,1,7,10:30,65,E10000006,6,0,6,30,3,4,6,0,0,0,1,1,1,0,0,2,2,E01019354,201201WW50577,1,1,2,2,26,6,3,0,0,0,3,0,11,1,South Lakeland
2015-01-31,201514A046415,450011.0,398551.0,-1.247872,53.481313,14,3,1,1,7,14:30,211,E08000017,6,0,6,30,0,-1,-1,0,0,0,1,1,1,0,0,1,1,E01007538,2012070110554,2,2,2,2,32,6,3,0,0,1,0,0,9,1,Doncaster
2015-01-31,2015051500471,342756.0,388904.0,-2.862285,53.39385,5,3,2,1,7,17:45,91,E08000012,4,5178,3,30,3,4,6,0,0,0,4,1,1,0,0,1,2,E01006770,201201ZD30934,1,1,2,1,-1,-1,3,0,0,0,0,0,19,-1,Liverpool
2015-01-31,2015100092315,434032.0,550246.0,-1.471557,54.845873,10,2,2,1,7,08:40,150,E08000024,3,182,1,40,1,4,5,519,0,8,1,1,2,0,0,1,1,E01008754,201205AA03449,1,1,1,1,22,5,2,0,0,0,0,0,1,1,Sunderland
2015-01-31,2015030000236,351500.0,492620.0,-2.74724,54.326835,3,3,1,1,7,11:41,65,E10000006,6,0,2,30,6,2,6,0,0,5,1,1,1,0,0,1,1,E01019360,201201WW50581,2,1,1,1,49,8,3,0,0,0,0,0,5,1,South Lakeland
2015-01-31,2015320005839,543649.0,323725.0,0.128892,52.791978,32,2,2,1,7,16:05,354,E10000019,5,748,6,30,8,4,-1,-1,0,0,1,1,1,4,0,2,2,E01026256,201214K231712,1,1,3,2,44,7,3,5,9,0,0,0,0,1,South Holland
2015-01-31,201501WW50117,527750.0,171140.0,-0.163953,51.42488,1,2,1,1,7,05:15,10,E09000032,3,217,6,30,3,4,6,0,0,0,4,1,1,0,0,1,2,E01004528,201201SX20757,1,1,3,1,23,5,3,5,2,0,0,2,0,1,London
2015-01-31,2015320005804,520315.0,343797.0,-0.209538,52.978026,32,3,3,1,7,17:25,353,E10000019,3,17,6,60,0,-1,-1,0,0,0,1,9,-1,0,0,2,2,E01026201,201214K231412,2,2,1,1,74,10,2,0,0,0,0,0,9,1,North Kesteven
2015-01-31,201563BC01415,234140.0,240440.0,-4.419539,52.037487,63,3,1,1,7,09:20,750,W06000008,3,484,6,60,0,-1,-1,0,0,0,1,6,3,0,0,2,1,W01000689,201243N105082,2,2,2,2,2,1,3,0,0,1,0,0,9,1,
2015-01-31,201501YE80101,535230.0,193440.0,-0.04788,51.623539,1,3,2,1,7,18:17,32,E09000010,4,137,6,30,6,4,6,0,0,4,1,1,2,0,0,1,1,E01001486,201201TB01273,2,1,2,1,29,6,3,0,0,1,0,0,9,-1,London
2015-01-31,201504WA15045,332580.0,433940.0,-3.025038,53.797378,4,3,3,2,7,14:22,71,E06000009,6,0,6,30,2,4,6,0,0,0,1,1,1,0,0,1,1,E01012697,201201YR90220,1,1,1,1,19,4,2,0,0,0,0,0,3,1,
2015-01-31,201501KG70051,550960.0,186520.0,0.176212,51.557368,1,3,1,1,7,12:58,16,E09000002,5,0,1,30,2,4,6,0,0,4,1,1,1,0,0,1,1,E01000039,201201JC30546,1,1,1,1,-1,-1,3,0,0,0,0,0,9,-1,London
2015-01-31,2015440035103,437175.0,117390.0,-1.472113,50.954747,44,3,1,1,7,00:35,501,E10000014,3,3057,6,60,1,4,1,271,0,0,4,1,2,0,0,2,1,E01023199,201230D000267,2,2,1,1,81,11,3,0,0,0,0,0,9,1,Test Valley
2015-01-31,201542I028101,583386.0,238032.0,0.670661,52.010416,42,3,1,2,7,00:30,451,E10000012,6,0,6,60,0,-1,-1,0,0,0,6,1,4,0,0,2,2,E01021406,2012212005679,2,1,1,1,66,10,3,0,0,0,0,0,9,1,
2015-01-31,201534WN02335,475246.0,256945.0,-0.900309,52.205604,34,3,2,2,7,15:40,384,E10000021,6,8042,1,30,1,4,6,8153,0,0,1,1,1,0,0,1,1,E01027167,2012170M12182,2,1,1,1,45,7,3,0,0,0,0,0,1,1,
2015-01-31,2015360087685,614629.0,278920.0,1.151076,52.366274,36,3,2,1,7,14:50,406,E10000020,3,140,1,60,1,4,3,1066,0,0,1,3,2,0,0,2,1,E01026934,201220K009422,2,1,1,1,21,5,3,0,0,0,0,0,3,1,South Norfolk
2015-01-31,2015160D00731,512409.0,431002.0,-0.296245,53.76325,16,3,2,1,7,12:50,228,E06000010,3,165,3,30,3,4,6,0,0,0,1,1,2,0,0,1,2,E01012816,2012100306812,2,1,1,2,56,9,3,0,0,0,0,0,9,1,Hull
2015-01-31,2015460252822,576690.0,154060.0,0.530848,51.258322,46,3,1,1,7,07:20,536,E10000016,3,229,6,30,9,4,6,0,0,0,4,1,4,0,0,1,2,E01024405,201232N254412,1,1,2,2,60,9,3,0,0,1,0,0,9,3,
2015-01-31,201501HT20110,534850.0,183320.0,-0.057248,51.53269,1,3,1,1,7,02:15,5,E09000030,3,107,6,30,6,2,3,1208,0,5,4,1,1,0,0,1,1,E01004197,201201EO40021,2,1,1,2,37,7,3,0,0,0,0,0,1,1,London
2015-01-31,2015521501314,373060.0,166267.0,-2.3886,51.394794,52,3,2,2,7,11:55,611,E06000022,6,0,6,30,3,4,6,0,0,0,1,1,1,0,0,1,1,E01014480,2012400CA0326,3,2,2,2,38,7,3,0,0,1,0,0,9,1,Bath
2015-01-31,201504ED15038,368320.0,427220.0,-2.481781,53.740392,4,3,2,3,7,19:05,70,E06000008,3,666,3,30,3,2,6,0,0,5,4,1,1,0,0,1,1,E01012629,201201XD80664,1,1,1,1,33,6,3,0,0,0,0,0,9,1,
2015-01-31,201501YR90127,529440.0,188400.0,-0.133331,51.579607,1,3,2,1,7,09:19,31,E09000014,5,0,6,30,0,-1,-1,0,0,0,1,9,2,0,0,1,1,E01001989,201201TX20185,1,1,1,2,37,7,3,0,0,0,0,0,9,1,London
2015-01-31,201520H003895,404830.0,300660.0,-1.930116,52.603705,20,3,3,1,7,22:53,307,E08000030,6,0,6,30,0,-1,-1,0,0,0,4,1,1,0,0,1,1,E01010241,201211NG15072,1,1,1,1,20,4,3,0,0,0,0,0,1,1,
2015-01-31,2015360087652,624035.0,315694.0,1.313763,52.692557,36,3,2,1,7,11:51,401,E10000020,5,246,6,30,3,4,5,250,0,0,1,1,2,0,0,2,1,E01026550,201220K009252,2,1,1,1,27,6,3,0,0,0,0,0,19,1,Broadland
2015-01-31,2015360087646,612716.0,302540.0,1.138082,52.579045,36,3,2,2,7,19:33,406,E10000020,4,1172,1,40,1,4,4,1135,0,0,4,1,2,0,0,2,1,E01026933,201220K009232,2,1,1,1,25,5,2,0,0,0,0,0,1,1,South Norfolk
2015-01-31,201501TD00016,529710.0,189200.0,-0.129142,51.586734,1,1,2,1,7,20:00,31,E09000014,3,504,6,30,3,4,6,0,0,0,4,1,1,0,0,1,1,E01002021,201201QK50510,1,1,3,2,-1,-1,3,5,1,0,0,2,0,-1,London
2015-01-31,201501TD00017,553010.0,182540.0,0.204031,51.521057,1,1,1,1,7,20:27,15,E09000016,3,1306,6,30,3,4,6,0,0,0,4,1,1,0,0,1,1,E01002342,201201QK50512,1,1,1,1,35,6,3,0,0,0,0,0,9,1,London
2015-01-31,2015360087645,652363.0,305156.0,1.723993,52.58558,36,3,2,1,7,19:00,402,E10000020,3,143,1,30,1,3,6,0,0,0,4,5,2,0,0,1,1,E01026601,201220K009222,1,1,3,2,57,9,3,5,4,0,0,0,0,1,
2015-01-31,201501HT20105,534030.0,181450.0,-0.069774,51.516081,1,2,2,1,7,13:13,5,E09000030,3,11,6,30,3,2,4,134,0,5,1,2,2,0,0,1,1,E01004309,201201EO40016,1,1,1,1,23,5,3,0,0,0,0,0,1,-1,London
2015-01-31,2015360087642,623094.0,308016.0,1.294673,52.624037,36,2,1,1,7,14:45,404,E10000020,5,866,6,30,6,2,5,865,0,5,1,2,2,0,0,1,1,E01026822,201220K009162,2,1,1,2,20,4,3,0,0,0,0,0,9,1,Norwich
2015-01-31,2015521501480,359117.0,173970.0,-2.589886,51.463216,52,3,1,1,7,23:05,601,E06000023,3,38,6,20,0,-1,-1,0,0,0,4,1,1,0,0,1,1,E01033367,2012400CA0413,2,1,1,2,35,6,3,0,0,0,0,0,9,1,Bristol
2015-01-31,201501TD00026,532400.0,178190.0,-0.094474,51.487169,1,1,1,1,7,06:48,8,E09000028,6,0,6,30,0,-1,-1,0,0,0,4,8,4,0,0,1,1,E01003973,201201QK50521,1,1,1,1,18,4,3,0,0,0,0,0,4,1,London
2015-01-31,201501EO40074,530090.0,185390.0,-0.125069,51.552408,1,3,2,1,7,23:50,3,E09000019,3,503,6,30,3,4,6,0,0,4,4,1,1,0,0,1,1,E01002787,201201CW10098,1,1,1,1,37,7,3,0,0,0,0,0,2,1,London
2015-01-31,201501EO40078,530830.0,185110.0,-0.114506,51.549721,1,3,1,1,7,21:00,3,E09000019,6,0,2,30,0,-1,-1,0,0,0,4,1,1,0,0,1,2,E01033488,201201CW10102,1,1,1,1,20,4,3,0,0,0,0,0,9,1,London
2015-01-31,201523S030113,420381.0,255157.0,-1.703253,52.194278,23,3,2,1,7,12:04,293,E10000031,3,3400,3,30,0,-1,-1,0,0,0,1,1,2,0,0,1,2,E01031229,2012130477631,1,1,1,2,80,11,3,0,0,0,0,0,9,1,Stratford-on-Avon
2015-01-31,201501BS70044,523900.0,182330.0,-0.215377,51.5263,1,3,1,1,7,14:00,12,E09000020,4,450,6,30,3,4,5,0,0,0,1,2,2,0,0,1,1,E01002852,201197ND01711,2,1,1,1,20,4,3,0,0,0,0,0,3,1,London
2015-01-31,201501JI40076,540180.0,190250.0,0.022305,51.593664,1,3,1,1,7,18:46,14,E09000026,3,11,6,30,3,4,6,0,0,0,4,1,1,0,0,1,1,E01003674,201201GD10323,1,1,1,1,28,6,3,0,0,0,0,0,9,1,London
2015-01-31,201501ZD30150,532960.0,165770.0,-0.091071,51.375424,1,2,1,1,7,18:40,20,E09000008,3,222,3,30,3,2,5,0,0,0,4,1,2,0,0,1,1,E01000975,201201VK30246,1,1,1,1,29,6,3,0,0,0,0,0,1,1,London
2015-01-31,2015100048615,420779.0,565693.0,-1.676828,54.985404,10,3,2,1,7,03:05,147,E08000021,3,191,6,30,0,-1,-1,0,0,0,4,1,3,0,0,1,1,E01008344,201205AA02002,1,1,3,2,4,1,3,8,3,0,0,0,0,1,Newcastle upon Tyne
2015-01-31,201501VK30037,521830.0,172570.0,-0.248565,51.439034,1,2,1,1,7,18:43,10,E09000032,3,3,3,40,3,4,6,0,0,0,4,1,1,0,0,2,1,E01004573,201201RY10358,1,1,2,2,27,6,3,0,0,1,0,0,9,-1,London
2015-01-31,201501ZD30149,530560.0,168210.0,-0.124637,51.397909,1,3,1,1,7,22:30,20,E09000008,5,0,6,30,3,4,5,0,0,0,4,1,1,0,0,1,2,E01003431,201201VK30245,2,1,1,1,26,6,3,0,0,0,0,0,19,-1,London
2015-01-31,201520H001255,399950.0,298590.0,-2.002171,52.585117,20,3,2,1,7,02:25,307,E08000030,6,0,6,30,6,4,6,0,0,0,4,3,3,0,0,1,1,E01010362,201211NF31192,1,1,2,1,2,1,3,0,0,2,0,0,9,2,
2015-01-31,201520H001245,401020.0,299600.0,-1.986375,52.594196,20,3,2,1,7,11:30,307,E08000030,6,0,6,30,3,4,4,4210,0,0,1,1,2,0,0,1,2,E01010375,201211NF30942,1,2,2,1,29,6,3,0,0,1,0,0,9,1,
2015-01-31,2015160C00591,519479.0,430228.0,-0.18935,53.754726,16,3,1,1,7,10:20,231,E06000011,6,0,6,60,0,-1,-1,0,0,0,1,3,3,0,0,2,1,E01013102,2012100177712,1,1,2,2,60,9,3,0,0,0,4,0,11,1,
2015-01-31,2015405DA0086,501754.0,222026.0,-0.522911,51.887515,40,3,2,1,7,23:14,424,E06000056,3,5,6,30,3,2,6,0,0,5,4,1,1,0,0,1,1,E01017568,201220W040242,1,1,1,1,37,7,3,0,0,0,0,0,9,1,
2015-01-31,2015521501267,362534.0,174337.0,-2.540741,51.466753,52,3,1,1,7,15:35,601,E06000023,6,0,6,30,0,-1,-1,0,0,0,1,1,1,0,0,1,1,E01014626,2012400CA0303,2,1,1,2,33,6,3,0,0,0,0,0,9,1,Bristol
2015-01-31,2015100077615,426706.0,560376.0,-1.584704,54.937345,10,3,1,1,7,11:54,146,E08000020,4,1296,6,30,3,4,6,4831,0,4,1,1,1,0,0,1,2,E01008219,201205AA02895,2,1,1,2,40,7,2,0,0,0,0,0,1,1,Gateshead
2015-01-31,201537EA87644,584253.0,263700.0,0.697169,52.240642,37,3,1,1,7,14:00,414,E10000029,5,740,6,30,0,-1,-1,0,0,0,1,3,2,0,0,1,2,E01030123,201220N043372,1,1,3,1,12,3,3,5,1,0,0,0,0,1,West Suffolk
2015-01-31,201501SX20080,520940.0,192950.0,-0.254372,51.622385,1,3,2,2,7,11:00,30,E09000003,3,5109,6,30,6,2,3,1,0,5,1,1,2,0,0,1,1,E01000231,201201QA10005,1,1,1,1,38,7,3,0,0,0,0,0,9,1,London
2015-01-31,201501PL60106,536610.0,175400.0,-0.034954,51.461097,1,3,3,1,7,18:46,7,E09000023,4,218,6,30,3,4,6,0,0,4,4,1,2,0,0,1,1,E01003272,201201KG70179,1,1,1,1,47,8,3,0,0,0,0,0,9,1,London
2015-01-31,2015471500718,562209.0,100327.0,0.299489,50.779838,47,3,2,1,7,14:21,551,E10000011,6,0,6,30,0,-1,-1,0,0,0,1,1,1,0,0,1,1,E01020952,201234WN24332,1,1,1,1,17,4,2,0,0,0,0,0,3,2,Eastbourne
2015-01-31,201501ZD30065,531150.0,166060.0,-0.116954,51.378451,1,3,1,1,7,15:00,20,E09000008,6,0,6,30,6,4,6,0,0,0,1,1,2,0,0,1,1,E01001010,201201VK30192,1,1,1,1,21,5,3,0,0,0,0,0,9,1,London
2015-01-31,2015471500707,532093.0,105796.0,-0.125454,50.836628,47,3,2,2,7,14:30,565,E06000043,3,270,2,30,3,2,3,270,0,4,1,1,1,0,0,1,2,E01016971,201234WN23722,2,1,1,1,34,6,3,0,0,0,0,0,1,-1,Brighton
2015-01-31,201501PL60092,537020.0,173920.0,-0.029629,51.447698,1,3,1,1,7,07:13,7,E09000023,5,0,6,30,0,-1,-1,0,0,0,4,2,2,0,0,1,1,E01003317,201201KG70170,4,3,2,1,19,4,3,0,0,1,0,0,9,1,London
2015-01-31,201537EA87647,585580.0,265296.0,0.717457,52.254529,37,3,2,1,7,22:25,414,E10000029,3,134,1,30,1,2,3,14,0,0,4,2,2,0,0,1,1,E01033048,201220N043442,1,1,1,2,56,9,3,0,0,0,0,0,9,1,West Suffolk
2015-01-31,201504ED15047,366190.0,427080.0,-2.514058,53.738999,4,3,2,1,7,15:35,70,E06000008,6,0,6,30,0,-1,-1,0,0,4,1,1,1,0,0,2,1,E01012584,201201XD80674,2,1,1,1,-1,-1,3,0,0,0,0,0,3,1,
2015-01-31,2015471500692,493591.0,99171.0,-0.673738,50.784569,47,3,1,1,7,15:30,558,E10000032,6,0,6,30,0,-1,-1,0,0,0,1,1,1,0,0,1,2,E01031432,201234WN23152,2,1,1,1,41,7,3,0,0,0,0,0,9,2,Arun
2015-01-31,201504ED15045,367800.0,426770.0,-2.489618,53.736315,4,3,2,1,7,15:00,70,E06000008,3,666,6,30,3,4,6,0,0,0,1,1,2,0,0,1,1,E01012595,201201XD80671,2,2,2,2,20,4,3,0,0,0,0,0,4,1,
2015-01-31,201520W006185,407190.0,288280.0,-1.895533,52.492385,20,3,2,1,7,21:10,300,E08000025,3,34,3,30,6,2,3,4540,0,5,4,1,2,0,0,1,1,E01008914,2012120172466,2,1,1,2,48,8,3,0,0,0,0,0,9,1,Birmingham
2015-01-31,2015360087767,587436.0,284577.0,0.755362,52.427041,36,3,2,3,7,21:40,400,E10000020,5,107,6,30,0,-1,-1,0,0,0,4,1,2,0,0,1,1,E01026466,201220K009662,1,1,1,1,40,7,2,0,0,0,0,0,1,1,Breckland
2015-01-31,2015521501257,358410.0,181462.0,-2.600948,51.530525,52,3,2,3,7,18:45,612,E06000025,1,5,3,70,0,-1,-1,0,0,0,4,1,1,0,0,1,1,E01014861,2012400CA0302,1,2,3,1,33,6,3,9,5,0,0,0,0,1,
2015-01-31,2015621500216,307194.0,189869.0,-3.341335,51.599989,62,2,1,1,7,20:47,744,W06000016,3,4058,3,30,6,2,6,0,0,5,4,1,1,0,0,1,1,W01001182,201242I267808,1,1,3,1,31,6,3,5,1,0,0,2,0,-1,
2015-01-31,2015460252536,636310.0,170950.0,1.395078,51.388358,46,3,1,1,7,16:09,541,E10000016,6,4158,6,30,0,-1,-1,0,0,0,1,2,2,0,0,1,1,E01024658,201232N214812,1,1,1,2,54,8,3,0,0,0,0,0,9,1,
2015-01-31,2015471500672,557894.0,107348.0,0.241351,50.844116,47,3,1,1,7,18:44,556,E10000011,3,22,3,70,0,-1,-1,0,0,0,6,2,2,0,0,2,1,E01021166,201234WN22172,1,1,3,1,31,6,3,5,1,0,0,0,0,-1,Wealden
2015-01-31,2015521500831,360721.0,182869.0,-2.567792,51.543341,52,3,2,1,7,19:18,612,E06000025,3,38,1,40,1,2,6,0,0,0,4,1,1,1,0,1,2,E01014948,2012400CA0144,1,1,3,1,54,8,3,1,1,0,0,0,0,1,
2015-01-31,2015471500667,553267.0,121049.0,0.181429,50.968475,47,3,1,1,7,09:44,556,E10000011,4,2102,6,60,0,-1,-1,0,0,0,1,3,3,0,0,2,1,E01021170,201234WN21822,2,1,1,1,20,4,3,0,0,0,0,0,1,1,Wealden
2015-01-31,201501ZD30086,532270.0,166880.0,-0.100566,51.385561,1,3,2,1,7,11:10,20,E09000008,3,213,6,30,3,4,6,0,0,0,1,2,2,0,0,1,1,E01001115,201201VK30200,2,1,1,1,58,9,3,0,0,0,0,0,1,-1,London
2015-01-31,201563AC01015,235930.0,219350.0,-4.383398,51.848569,63,3,2,1,7,09:20,751,W06000010,3,40,3,70,0,-1,-1,0,0,0,1,5,2,0,0,2,1,W01000649,201243N029072,1,1,1,1,65,9,3,0,0,0,0,0,5,1,
2015-01-31,201563AC00915,232380.0,217680.0,-4.434079,51.832513,63,3,1,1,7,16:20,751,W06000010,3,40,3,70,0,-1,-1,0,0,0,1,3,3,0,0,2,1,W01000700,201243N029062,1,1,2,2,47,8,3,0,0,1,0,0,9,1,
2015-01-31,2015521501082,361188.0,172663.0,-2.559933,51.451611,52,3,2,2,7,11:06,601,E06000023,6,0,6,30,0,-1,-1,0,0,1,1,1,1,0,0,1,1,E01014658,2012400CA0250,1,2,3,1,33,6,3,6,8,0,0,0,0,1,Bristol
2015-01-31,201501HT20103,534830.0,181300.0,-0.058309,51.514542,1,3,2,1,7,04:30,5,E09000030,3,13,6,30,3,4,6,0,0,4,4,2,2,0,0,1,1,E01004304,201201EO40014,2,1,1,1,28,6,3,0,0,0,0,0,5,-1,London
2015-01-31,201501HT20104,534650.0,180870.0,-0.061065,51.510721,1,3,1,1,7,11:15,5,E09000030,4,108,6,30,0,-1,-1,0,0,0,1,1,1,0,0,1,1,E01004295,201201EO40015,2,1,1,1,31,6,3,0,0,0,0,0,3,1,London
2015-01-31,201542I048801,544062.0,209107.0,0.086081,51.762121,42,3,2,1,7,19:30,457,E10000012,3,1025,6,40,9,2,6,0,0,4,4,8,2,0,0,2,2,E01021833,2012212006020,1,1,3,2,15,3,3,5,1,0,0,0,0,1,
2015-01-31,2015460252567,632740.0,142770.0,1.325537,51.136872,46,3,2,1,7,07:16,533,E10000016,3,258,6,60,0,-1,-1,0,0,0,1,1,2,0,0,2,1,E01024238,201232N220112,1,1,1,2,21,5,3,0,0,0,0,0,9,1,
2015-01-31,2015100078515,434247.0,563848.0,-1.466597,54.968085,10,3,2,1,7,18:35,149,E08000023,3,194,1,40,1,2,3,1300,0,1,4,1,1,0,0,1,1,E01008670,201205AA02988,1,1,1,2,44,7,3,0,0,0,0,0,9,2,South Tyneside
2015-01-31,201550BB2C002,214604.0,74043.0,-4.617602,50.536703,50,3,2,1,7,05:41,596,E06000052,3,30,3,70,0,-1,-1,0,0,0,6,6,4,0,0,2,1,E01018926,2012360066121,1,2,1,1,28,6,3,0,0,0,0,0,9,2,
2015-01-31,201504SB15013,344590.0,405600.0,-2.83766,53.544101,4,3,1,2,7,19:30,84,E10000017,4,5240,6,60,0,-1,-1,0,0,0,6,1,1,0,0,2,1,E01025479,201201YE80473,1,1,1,2,-1,-1,3,0,0,0,0,0,9,1,West Lancashire
2015-01-31,201501RG40050,543360.0,178470.0,0.063388,51.487015,1,3,1,1,7,20:00,6,E09000011,3,205,6,30,3,2,3,205,0,5,4,2,2,0,0,1,1,E01001699,201201PL60550,1,1,2,2,71,10,3,0,0,0,3,0,11,-1,London
2015-01-31,2015460252793,611810.0,165420.0,1.040212,51.348371,46,3,2,1,7,14:30,531,E10000016,6,3121,6,30,1,4,3,2990,0,0,1,1,1,0,0,1,2,E01024062,201232N248512,1,1,1,1,27,6,3,0,0,0,0,0,1,3,
2015-01-31,2015460252719,576720.0,155770.0,0.532122,51.273673,46,3,1,2,7,09:10,536,E10000016,3,20,6,30,0,-1,-1,0,0,4,1,3,2,0,0,1,1,E01033092,201232N238912,1,1,1,1,24,5,3,0,0,0,0,0,1,3,
2015-01-31,2015440036697,458204.0,106596.0,-1.174469,50.855957,44,3,1,1,7,08:45,492,E10000014,6,0,6,30,3,4,6,0,0,8,1,1,2,0,0,1,2,E01022722,201230D000283,1,1,1,1,65,9,3,0,0,0,0,0,9,1,
2015-01-31,2015460252720,606660.0,139330.0,0.951328,51.115981,46,3,1,1,7,16:52,530,E10000016,1,20,3,70,0,-1,-1,0,0,0,6,3,3,0,0,2,1,E01024013,201232N238912,2,2,1,1,21,5,3,0,0,0,0,0,1,3,Ashford