Date,Accident_Index_x,Location_Easting_OSGR,Location_Northing_OSGR,Longitude,Latitude,Police_Force,Accident_Severity,Number_of_Vehicles,Number_of_Casualties,Day_of_Week,Time,Local_Authority_(District),Local_Authority_(Highway),1st_Road_Class,1st_Road_Number,Road_Type,Speed_limit,Junction_Detail,Junction_Control,2nd_Road_Class,2nd_Road_Number,Pedestrian_Crossing-Human_Control,Pedestrian_Crossing-Physical_Facilities,Light_Conditions,Weather_Conditions,Road_Surface_Conditions,Special_Conditions_at_Site,Carriageway_Hazards,Urban_or_Rural_Area,Did_Police_Officer_Attend_Scene_of_Accident,LSOA_of_Accident_Location,Accident_Index_y,Vehicle_Reference,Casualty_Reference,Casualty_Class,Sex_of_Casualty,Age_of_Casualty,Age_Band_of_Casualty,Casualty_Severity,Pedestrian_Location,Pedestrian_Movement,Car_Passenger,Bus_or_Coach_Passenger,Pedestrian_Road_Maintenance_Worker,Casualty_Type,Casualty_Home_Area_Type,city
2015-01-31,20151321V0932,432036.0,435077.0,-1.514966,53.811,13,3,2,1,7,15:32,204,E08000035,6,0,6,30,6,4,6,0,0,0,1,1,1,0,0,1,1,E01011434,201206G063354,1,1,1,1,46,8,2,0,0,0,0,0,5,-1,Leeds
2015-01-31,2015160A00571,524512.0,408305.0,-0.121835,53.556608,16,3,1,2,7,09:30,233,E06000012,6,0,6,30,3,4,4,1444,0,0,1,3,3,0,0,1,1,E01013229,2012100025612,1,1,1,2,46,8,3,0,0,0,0,0,9,1,
2015-01-31,20151321V0615,406909.0,428633.0,-1.896698,53.754017,13,3,1,1,7,11:45,202,E08000033,6,0,6,30,8,4,6,0,0,0,1,1,3,0,0,1,1,E01010914,201206G063344,2,2,1,1,28,6,3,0,0,0,0,0,5,1,Calderdale
2015-01-31,20151321V0485,412464.0,425470.0,-1.812578,53.725486,13,3,2,2,7,09:55,202,E08000033,3,58,6,30,6,2,3,644,2,5,1,1,1,0,0,1,1,E01010909,201206G063344,1,1,1,1,36,7,3,0,0,0,0,0,1,1,Calderdale
2015-01-31,20151321V0431,430762.0,424534.0,-1.53536,53.716319,13,3,2,2,7,08:57,204,E08000035,3,650,1,40,1,4,1,1,0,0,1,1,2,0,0,2,1,E01011537,201206G063303,2,2,2,1,30,6,3,0,0,1,0,0,9,-1,Leeds
2015-01-31,2015440036443,416911.0,111972.0,-1.760857,50.906974,44,2,2,1,7,16:00,496,E10000014,6,0,6,30,0,-1,-1,0,0,0,1,1,1,0,0,2,2,E01023025,201230D000279,2,1,1,1,26,6,3,0,0,0,0,0,9,1,New Forest
2015-01-31,2015555997822,412334.0,91382.0,-1.826638,50.721934,55,3,1,2,7,20:40,640,E06000028,6,0,6,30,0,-1,-1,0,0,1,4,1,1,0,0,2,1,E01015272,201242I041402,1,1,3,2,45,7,3,1,2,0,0,2,0,1,
2015-01-31,2015555997818,403816.0,90555.0,-1.947314,50.714614,55,3,2,1,7,22:40,643,E06000029,6,0,6,30,6,4,6,0,0,0,4,1,1,0,0,1,1,E01015458,201242I041302,2,1,2,1,19,4,3,0,0,1,0,0,9,1,
2015-01-31,201514A014815,462341.0,406833.0,-1.060455,53.554431,14,3,1,1,7,08:45,211,E08000017,3,18,6,40,3,2,6,0,0,5,1,1,1,0,0,1,2,E01007476,2012070099489,1,1,1,2,46,8,3,0,0,0,0,0,9,1,Doncaster
2015-01-31,201514A014415,456994.0,402068.0,-1.142022,53.512213,14,3,1,2,7,06:50,211,E08000017,3,630,3,40,3,2,6,0,0,5,4,3,2,0,0,1,1,E01007534,2012070099381,1,1,1,1,71,10,3,0,0,0,0,0,9,1,Doncaster
2015-01-31,20151321V0945,431170.0,431454.0,-1.528482,53.77849,13,2,1,1,7,13:28,204,E08000035,6,0,6,30,0,-1,-1,0,0,4,1,1,1,0,0,1,2,E01011467,201206G063358,1,1,1,1,65,9,3,0,0,0,0,0,9,1,Leeds
2015-01-31,201501SX20200,525610.0,187860.0,-0.188768,51.57562,1,3,2,1,7,00:02,30,E09000003,6,0,6,30,0,-1,-1,0,0,0,7,9,4,0,0,1,1,E01000212,201201QA10098,2,1,1,1,34,6,3,0,0,0,0,0,3,1,London
2015-01-31,2015440035985,465723.0,106076.0,-1.067755,50.850478,44,3,2,1,7,17:47,498,E06000044,4,2177,6,30,3,4,6,0,0,0,7,1,1,0,0,1,2,E01017051,201230D000275,1,1,2,2,18,4,3,0,0,2,0,0,90,1,Portsmouth
2015-01-31,2015440035966,486433.0,157257.0,-0.761403,51.307877,44,3,1,1,7,21:35,499,E10000014,6,0,6,30,0,-1,-1,0,0,0,4,1,2,0,0,1,1,E01023120,201230D000274,2,1,1,1,58,9,3,0,0,0,0,0,3,1,Rushmoor
2015-01-31,201522C500420,378260.0,261140.0,-2.31985,52.248005,22,2,2,1,7,12:35,273,E10000034,6,0,6,60,3,4,6,0,0,0,1,1,1,0,0,2,1,E01032199,2012130254529,2,1,1,2,34,6,3,0,0,0,0,0,9,2,Malvern Hills
2015-01-31,201501BS70106,527280.0,178690.0,-0.167994,51.492837,1,3,3,1,7,18:12,12,E09000020,5,0,6,30,6,4,6,0,0,0,4,1,1,0,0,1,2,E01002858,201197ND02611,1,1,3,1,42,7,3,10,9,0,0,2,0,1,London
2015-01-31,2015555997812,401657.0,92578.0,-1.977886,50.732815,55,3,2,3,7,17:48,643,E06000029,3,35,6,30,6,2,6,0,0,5,4,1,1,0,0,1,1,E01015445,201242I041102,2,1,1,2,58,9,3,0,0,0,0,0,9,1,
2015-01-31,201537EA87489,636966.0,260488.0,1.465601,52.191675,37,2,1,1,7,01:30,415,E10000029,3,12,6,50,0,-1,-1,0,0,0,6,1,2,0,0,2,1,E01030212,201220N039202,1,1,2,1,27,6,3,0,0,1,0,0,9,1,East Suffolk
2015-01-31,2015440035805,465537.0,104067.0,-1.070755,50.832435,44,3,2,1,7,10:23,498,E06000044,3,2047,6,30,3,4,6,0,0,0,1,1,1,0,0,1,1,E01017090,201230D000272,1,2,2,2,26,6,3,0,0,1,0,0,9,-1,Portsmouth
2015-01-31,2015440035800,441370.0,112851.0,-1.412906,50.913648,44,3,2,1,7,17:15,500,E06000045,6,0,6,30,0,-1,-1,0,0,0,4,4,1,0,0,1,1,E01017138,201230D000272,1,1,1,1,32,6,3,0,0,0,0,0,9,-1,Southampton
2015-01-31,2015440035683,457447.0,91735.0,-1.187542,50.722408,44,3,2,1,7,15:00,505,E06000046,6,0,6,30,0,-1,-1,0,0,0,1,1,1,0,0,1,1,E01017287,201230D000271,1,1,3,2,29,6,3,5,1,0,0,0,0,-1,
2015-01-31,2015440035593,455404.0,102809.0,-1.214816,50.822181,44,3,2,1,7,14:16,492,E10000014,6,0,6,30,3,4,6,0,0,8,1,1,1,0,0,1,1,E01022777,201230D000270,1,1,2,1,32,6,3,0,0,1,0,0,9,1,
2015-01-31,2015440035577,442447.0,112163.0,-1.397667,50.907384,44,3,2,1,7,14:15,500,E06000045,3,33,3,20,3,4,6,0,0,0,1,1,1,0,0,1,1,E01032755,201230D000269,1,2,2,1,23,5,3,0,0,1,0,0,9,1,Southampton
2015-01-31,2015440035546,442556.0,113188.0,-1.395998,50.916592,44,3,2,1,7,14:00,500,E06000045,3,335,6,30,3,4,6,0,0,0,1,1,2,0,0,1,1,E01017155,201230D000269,1,1,1,2,20,4,3,0,0,0,0,0,9,1,Southampton
2015-01-31,2015440035392,458258.0,81969.0,-1.177589,50.634513,44,3,2,1,7,11:03,505,E06000046,6,0,6,30,0,-1,-1,0,0,0,1,1,1,0,0,1,2,E01017356,201230D000268,1,1,2,2,68,10,3,0,0,2,0,0,8,-1,
2015-01-31,2015440036008,473784.0,124412.0,-0.949559,51.014363,44,2,2,3,7,21:10,497,E10000014,3,3,3,70,0,-1,-1,0,0,0,6,1,1,0,0,2,1,E01022619,201230D000276,2,1,1,2,18,4,3,0,0,0,0,0,9,3,East Hampshire
2015-01-31,20151321V1198,449831.0,413513.0,-1.248205,53.615801,13,3,2,2,7,18:06,206,E08000036,3,6201,6,50,0,-1,-1,0,0,0,6,1,1,0,0,2,1,E01011858,201206G063380,1,1,1,1,32,6,3,0,0,0,0,0,2,-1,Wakefield
2015-01-31,20151321V1580,410269.0,440439.0,-1.845351,53.860074,13,2,1,1,7,21:39,200,E08000032,6,0,6,30,0,-1,-1,0,0,0,4,1,1,0,0,1,1,E01010765,201206G063412,1,2,1,2,25,5,3,0,0,0,0,0,9,1,Bradford
2015-01-31,2015440036886,447870.0,129970.0,-1.318203,51.067074,44,3,2,3,7,17:45,502,E10000014,4,3044,6,20,7,2,4,3420,0,5,4,4,1,0,0,1,2,E01023267,201230D000285,1,1,3,1,29,6,3,5,1,0,0,0,0,1,Winchester
2015-01-31,2015460252650,557470.0,174150.0,0.264525,51.444452,46,3,1,1,7,16:30,532,E10000016,6,2661,6,30,0,-1,-1,0,0,0,1,9,1,0,0,1,1,E01024171,201232N231812,1,1,3,2,-1,-1,3,5,1,0,0,2,0,-1,Dartford
2015-01-31,201501SX20085,519480.0,192020.0,-0.275768,51.614338,1,3,1,1,7,15:54,30,E09000003,3,5100,6,30,0,-1,-1,0,0,0,1,1,1,0,0,1,1,E01000192,201201QA10007,1,1,1,1,30,6,3,0,0,0,0,0,9,1,London
2015-01-31,201501SX20087,524580.0,189940.0,-0.202886,51.594541,1,3,2,1,7,15:30,30,E09000003,6,0,6,30,6,4,6,0,0,0,1,1,2,0,0,1,1,E01000200,201201QA10009,1,1,1,1,37,7,3,0,0,0,0,0,9,1,London
2015-01-31,201501LX50112,530080.0,174910.0,-0.129075,51.45823,1,3,2,1,7,11:50,9,E09000022,4,221,6,30,3,4,5,0,0,0,1,1,2,0,0,1,1,E01003029,201201JI40402,2,2,2,2,31,6,3,0,0,2,0,0,9,1,London
2015-01-31,201501QA10069,518420.0,189770.0,-0.291829,51.59434,1,3,1,1,7,18:00,29,E09000015,3,4140,6,30,3,4,6,0,0,0,4,1,1,0,0,1,2,E01002202,201201MM70273,2,1,1,1,28,6,3,0,0,0,0,0,1,1,London
2015-01-31,2015405DA0081,503403.0,235054.0,-0.495046,52.004303,40,3,1,1,7,13:00,424,E06000056,3,5120,6,30,0,-1,-1,0,0,0,1,1,1,0,0,1,2,E01017401,201220W040232,1,1,3,2,72,10,3,1,1,0,0,0,0,1,
2015-01-31,201501QA10073,518470.0,191250.0,-0.290609,51.607631,1,2,2,2,7,16:05,29,E09000015,4,461,6,30,3,4,6,0,0,0,1,2,2,0,0,1,1,E01002118,201201MM70275,1,1,3,1,20,4,3,1,3,0,0,2,0,-1,London
2015-01-31,201501QA10076,517230.0,190790.0,-0.30866,51.603756,1,3,3,1,7,15:39,29,E09000015,6,0,6,30,0,-1,-1,0,0,0,1,1,1,0,0,1,1,E01002108,201201MM70276,2,1,1,2,37,7,3,0,0,0,0,0,9,1,London
2015-01-31,2015331500122,458548.0,304129.0,-1.13638,52.631766,33,3,2,1,7,11:55,364,E06000016,3,594,2,30,0,-1,-1,0,0,0,1,1,1,0,0,1,2,E01032868,2012160C00581,1,1,2,2,31,6,3,0,0,1,0,0,9,1,Leicester
2015-01-31,2015405DA0066,498383.0,221650.0,-0.571983,51.884739,40,3,2,2,7,08:10,424,E06000056,5,249,6,30,8,4,-1,-1,0,0,1,3,3,0,0,2,1,E01017588,201220W039932,1,1,2,2,0,1,3,0,0,0,4,0,11,1,
2015-01-31,201501LX50089,531760.0,172690.0,-0.105734,51.437892,1,3,2,1,7,21:00,9,E09000022,3,215,6,30,3,4,6,0,0,0,7,1,1,0,0,1,1,E01003166,201201JI40382,4,1,1,2,28,6,3,0,0,0,0,0,9,-1,London
2015-01-31,2015405DA0048,501063.0,225604.0,-0.5319,51.919799,40,2,2,6,7,14:36,424,E06000056,3,5120,6,60,0,-1,-1,0,0,0,1,1,1,0,0,2,1,E01017618,201220W039782,2,1,1,1,44,7,3,0,0,0,0,0,3,1,
2015-01-31,2015100075915,410354.0,562894.0,-1.839834,54.960575,10,3,1,1,7,10:30,139,E06000048,6,8285,6,30,0,-1,-1,0,0,0,1,1,2,0,0,1,1,E01027499,201205AA02823,2,3,2,2,22,5,3,0,0,1,0,0,9,-1,
2015-01-31,201501LX50084,531880.0,174650.0,-0.103279,51.455478,1,3,1,1,7,19:32,9,E09000022,4,222,6,30,3,4,6,0,0,0,4,2,2,0,0,1,1,E01003074,201201JI40378,1,1,1,2,40,7,3,0,0,0,0,0,9,1,London
2015-01-31,201501LX50083,531760.0,172480.0,-0.105812,51.436005,1,3,2,1,7,21:01,9,E09000022,6,0,6,30,0,-1,-1,0,0,0,4,1,1,0,0,1,1,E01003166,201201JI40377,1,1,1,2,85,11,3,0,0,0,0,0,9,1,London
2015-01-31,201501JI40095,539610.0,190410.0,0.014146,51.595243,1,3,2,2,7,13:48,14,E09000026,3,406,7,40,0,-1,-1,0,0,0,1,2,2,0,0,1,1,E01003673,201201GD10340,1,1,1,1,34,6,3,0,0,0,0,0,3,1,London
2015-01-31,201504SA15061,353360.0,431480.0,-2.70922,53.777551,4,3,2,1,7,14:55,79,E10000017,4,6242,6,30,0,-1,-1,0,0,8,1,1,1,0,0,1,1,E01025243,201201XH30830,3,2,2,1,-1,-1,3,0,0,2,0,0,8,-1,Preston
2015-01-31,2015460252686,574200.0,144660.0,0.490637,51.174643,46,3,3,2,7,18:54,536,E10000016,4,2079,6,30,0,-1,-1,0,0,0,4,8,2,0,0,2,1,E01024380,201232N232812,1,1,1,1,20,4,3,0,0,0,0,0,9,1,
2015-01-31,201534WS02245,480324.0,255106.0,-0.826452,52.188358,34,3,2,1,7,18:30,385,E10000021,4,526,6,30,0,-1,-1,0,0,0,6,1,1,0,0,2,1,E01027273,2012170S12612,2,1,1,1,39,7,3,0,0,0,0,0,1,1,
2015-01-31,2015331500161,461236.0,303433.0,-1.096798,52.625214,33,3,2,1,7,16:44,364,E06000016,6,650,6,30,6,4,6,647,0,8,4,1,1,0,0,1,1,E01013764,2012160C00871,1,1,1,1,34,6,3,0,0,0,0,0,9,1,Leicester
2015-01-31,2015331500163,475348.0,305571.0,-0.887874,52.642658,33,3,2,1,7,11:00,363,E10000018,5,5305,6,60,0,-1,-1,0,0,0,1,3,3,0,0,2,1,E01025815,2012160C00891,1,1,1,1,22,5,3,0,0,0,0,0,9,2,Harborough
2015-01-31,201523M065247,445710.0,281633.0,-1.329134,52.430774,23,3,4,2,7,16:55,292,E10000031,1,6,3,70,0,-1,-1,0,0,0,6,1,1,0,0,2,1,E01031160,2012130411195,2,3,2,2,11,3,3,0,0,1,0,0,9,1,
2015-01-31,20151321V1615,432910.0,423746.0,-1.502897,53.709107,13,3,2,3,7,22:00,206,E08000036,3,61,6,30,3,4,6,0,0,0,4,1,1,0,0,1,2,E01011896,201206G063412,2,1,1,1,53,8,3,0,0,0,0,0,9,1,Wakefield
2015-01-31,201514B025815,441022.0,410126.0,-1.381801,53.586122,14,3,2,1,7,14:25,210,E08000016,6,0,6,30,0,-1,-1,0,0,0,1,1,1,0,0,2,1,E01007328,2012070178991,2,1,1,1,37,7,3,0,0,0,0,0,9,1,
2015-01-31,201543N210015,480433.0,219101.0,-0.83331,51.864701,43,3,1,2,7,00:06,476,E10000002,3,413,6,60,0,-1,-1,0,0,0,6,1,2,0,0,2,1,E01032958,201222F203773,2,3,2,1,41,7,3,0,0,1,0,0,9,1,
2015-01-31,201543N211015,483894.0,213457.0,-0.784426,51.813459,43,3,2,1,7,18:15,476,E10000002,3,41,6,30,0,-1,-1,0,0,4,4,1,2,0,0,1,2,E01017640,201222F203791,1,1,1,1,26,6,1,0,0,0,0,0,9,3,
2015-01-31,2015460252710,594830.0,162570.0,0.795146,51.328846,46,2,1,1,7,07:13,540,E10000016,3,2,6,30,8,4,6,0,0,0,1,1,2,0,0,2,1,E01024624,201232N237012,2,1,1,2,24,5,3,0,0,0,0,0,9,1,Swale
2015-01-31,2015331500200,479229.0,309556.0,-0.829574,52.677922,33,3,2,1,7,11:02,365,E10000018,6,6702,6,60,0,-1,-1,0,0,0,1,3,3,0,0,2,1,E01025910,2012160C01131,1,1,1,2,18,4,3,0,0,0,0,0,9,2,Melton
2015-01-31,201501VK30051,522210.0,166100.0,-0.245328,51.380804,1,3,1,1,7,14:30,23,E09000021,3,2043,3,30,0,-1,-1,0,0,0,1,1,2,0,0,1,1,E01002978,201201RY10366,1,1,1,1,-1,-1,3,0,0,0,0,0,9,-1,London
2015-01-31,201501PL60116,535590.0,173290.0,-0.050435,51.442381,1,3,2,1,7,20:15,7,E09000023,6,0,6,30,3,4,6,0,0,0,4,1,1,0,0,1,2,E01003229,201201KG70186,1,1,3,1,11,3,3,5,1,0,0,2,0,1,London
2015-01-31,201501ZD30050,530830.0,167160.0,-0.121145,51.38841,1,2,2,1,7,11:56,20,E09000008,3,23,6,30,3,4,6,0,0,0,1,1,1,0,0,1,1,E01001180,201201VK30182,2,1,1,2,27,6,3,0,0,0,0,0,9,1,London
2015-01-31,2015460252602,576344.0,164101.0,0.530853,51.348627,46,3,1,1,7,19:08,544,E06000035,6,0,6,30,0,-1,-1,0,0,0,4,1,1,0,0,1,1,E01016081,201232N224812,2,2,1,1,55,8,3,0,0,0,0,0,9,3,
2015-01-31,2015160A00311,526858.0,409952.0,-0.085773,53.570842,16,3,2,1,7,12:30,233,E06000012,6,0,6,30,0,-1,-1,0,0,8,1,1,2,0,0,1,2,E01013221,2012100021912,2,2,1,1,46,8,3,0,0,0,0,0,19,1,
2015-01-31,20154100F0051,514430.0,205010.0,-0.34442,51.732133,41,3,2,1,7,16:00,434,E10000015,3,5183,6,60,1,4,3,414,0,0,1,1,2,0,0,2,2,E01023718,2012212002081,1,1,1,1,44,7,3,0,0,0,0,0,9,1,St Albans
2015-01-31,201522D500428,394530.0,271050.0,-2.081705,52.337504,22,3,2,1,7,01:30,270,E10000034,3,448,6,30,0,-1,-1,0,0,0,6,1,3,0,0,1,2,E01032175,2012130297170,2,1,1,1,39,7,2,0,0,0,0,0,1,1,
2015-01-31,201514C011115,442622.0,388858.0,-1.360514,53.394841,14,3,2,1,7,16:21,213,E08000018,6,0,6,30,0,-1,-1,0,0,0,1,1,1,0,0,1,1,E01007699,2012070225115,1,1,1,1,29,6,2,0,0,0,0,0,3,2,Rotherham
2015-01-31,2015300012014,440550.0,354460.0,-1.396037,53.085824,30,3,2,1,7,12:37,320,E10000007,4,6179,1,40,1,4,6,0,0,0,1,1,1,0,0,2,1,E01019473,2012130501255,2,1,1,1,39,7,3,0,0,0,0,0,1,1,Amber Valley
2015-01-31,2015075028560,370906.0,364295.0,-2.43673,53.17496,7,3,2,1,7,08:50,129,E06000049,5,321,6,30,3,2,6,0,0,0,1,1,2,0,0,1,1,E01018419,201204DL12121,1,1,3,1,69,10,2,5,3,0,0,0,0,1,
2015-01-31,2015100066615,431349.0,581489.0,-1.509931,55.126792,10,3,1,1,7,14:30,139,E06000048,4,1328,6,30,0,-1,-1,0,0,4,1,1,2,0,0,1,1,E01027414,201205AA02612,1,1,3,1,47,8,3,9,5,0,0,0,0,-1,
2015-01-31,2015170L30185,461403.0,524678.0,-1.050753,54.613535,17,3,3,1,7,11:26,241,E06000003,3,1085,6,30,0,-1,-1,0,0,0,1,4,2,0,0,2,1,E01012184,2012100457712,1,1,1,1,21,5,3,0,0,0,0,0,9,1,
2015-01-31,201523M065166,421493.0,286639.0,-1.684983,52.47726,23,3,4,1,7,11:05,290,E10000031,1,6,3,70,5,4,1,6,0,0,1,1,1,0,0,2,1,E01031022,2012130411030,1,1,1,2,26,6,3,0,0,0,0,0,9,1,North Warwickshire
2015-01-31,201522F500520,354010.0,341660.0,-2.686251,52.970312,22,3,1,1,7,12:00,286,E06000051,6,0,6,30,3,4,6,0,0,0,1,1,1,0,0,2,2,E01028896,2012130348659,2,4,2,1,18,4,3,0,0,0,4,0,11,1,
2015-01-31,2015610007815,317911.0,211926.0,-3.19184,51.799931,61,3,3,1,7,13:55,730,W06000019,3,4047,6,30,3,4,6,0,0,0,1,4,1,0,0,1,1,W01001440,201242I203806,2,1,1,2,26,6,3,0,0,0,0,0,9,1,
2015-01-31,201542I028201,565766.0,181504.0,0.387239,51.508153,42,3,2,2,7,18:45,462,E06000034,3,13,3,70,5,4,3,128,0,0,4,1,2,0,0,2,2,E01015979,2012212005680,1,1,3,2,12,3,2,9,9,0,0,0,0,1,
2015-01-31,2015521502986,367476.0,176505.0,-2.469801,51.486553,52,3,1,3,7,01:30,612,E06000025,3,4174,3,30,1,4,4,4465,0,0,4,1,1,0,0,2,1,E01014868,2012400CA1036,2,1,1,2,22,5,3,0,0,0,0,0,9,-1,
2015-01-31,201542I053901,563403.0,190046.0,0.357184,51.585581,42,3,1,1,7,01:06,452,E10000012,3,128,6,50,0,-1,-1,0,0,0,4,1,4,0,0,2,1,E01021445,2012212006101,3,1,1,2,41,7,3,0,0,0,0,0,19,1,Brentwood
2015-01-31,2015621500194,263805.0,196763.0,-3.970136,51.653111,62,3,2,2,7,08:03,745,W06000011,6,0,6,30,3,4,6,0,0,0,1,1,1,0,0,1,1,W01000832,201242I265909,1,1,1,1,58,9,3,0,0,0,0,0,9,1,Swansea
2015-01-31,201531D027915,445805.0,346716.0,-1.318684,53.015794,31,2,1,1,7,22:05,342,E10000024,3,610,7,70,0,-1,-1,0,0,0,4,1,1,0,0,1,1,E01028110,201214K076212,1,1,3,2,5,1,2,9,5,0,0,0,0,1,Amber Valley
2015-01-31,201543P323015,432917.0,210693.0,-1.524118,51.793926,43,2,3,4,7,11:54,485,E10000025,4,4047,6,40,8,4,6,0,0,0,1,1,1,0,0,1,1,E01028784,2012232631812,2,1,1,1,23,5,3,0,0,0,0,0,9,1,West Oxfordshire
2015-01-31,201501EK40067,526780.0,185560.0,-0.172722,51.554689,1,3,2,2,7,20:00,2,E09000007,3,502,6,30,3,4,6,0,0,1,4,1,1,0,0,1,1,E01000896,201201BS70313,1,1,2,2,47,8,3,0,0,0,3,0,11,1,London
2015-01-31,201543P321015,458180.0,222865.0,-1.155802,51.901299,43,3,2,2,7,10:09,481,E10000025,6,129,6,30,3,4,6,0,0,0,1,2,2,0,0,1,1,E01028470,2012232626912,1,1,1,1,82,11,2,0,0,0,0,0,9,1,Cherwell
2015-01-31,2015460252498,575010.0,158370.0,0.508906,51.297557,46,3,2,1,7,10:06,536,E10000016,5,349,6,30,3,4,6,0,0,0,1,1,1,0,0,2,1,E01024335,201232N211912,1,1,3,2,7,2,3,5,1,0,0,0,0,1,
2015-01-31,201531C017715,454850.0,341807.0,-1.184704,52.970822,31,2,1,1,7,20:48,346,E06000018,3,610,6,30,0,-1,-1,0,0,0,4,1,1,0,0,1,1,E01013934,201214C043112,2,2,2,2,20,4,2,0,0,0,0,0,5,1,City of Nottingham
2015-01-31,201501BS70039,526970.0,177510.0,-0.172881,51.482302,1,3,2,1,7,00:10,12,E09000020,3,3212,6,30,0,-1,-1,0,0,0,4,1,1,0,0,1,1,E01002845,201197ND01701,1,1,1,1,20,4,3,0,0,0,0,0,9,1,London
2015-01-31,201520W007855,405850.0,286260.0,-1.915304,52.474241,20,3,1,1,7,00:12,300,E08000025,6,0,6,30,0,-1,-1,0,0,0,4,2,2,0,0,1,1,E01033639,2012120173801,2,1,1,2,42,7,3,0,0,0,0,0,9,2,Birmingham
2015-01-31,201537EA88778,618385.0,244866.0,1.1842,52.059109,37,3,2,1,7,22:10,412,E10000029,4,1075,6,30,6,4,6,0,0,0,4,1,2,4,0,1,1,E01030002,201220N507972,1,1,3,1,11,3,3,5,1,0,0,0,0,1,
2015-01-31,2015450022252,499888.0,149593.0,-0.570575,51.236786,45,3,1,1,7,07:30,511,E10000030,5,93,6,30,3,4,3,320,2,4,7,1,2,0,0,1,1,E01030451,201231D041712,1,1,2,1,-1,-1,3,0,0,0,4,0,11,1,
2015-01-31,201511NE01995,442172.0,540062.0,-1.346282,54.753743,11,3,2,3,7,18:40,169,E06000047,6,0,6,30,0,-1,-1,0,0,0,4,8,2,0,0,1,2,E01020777,201205EE04714,2,2,2,2,60,9,3,0,0,2,0,0,9,-1,
2015-01-31,201501TX20205,513210.0,175670.0,-0.371538,51.468683,1,2,1,1,7,23:20,25,E09000018,3,3006,6,30,0,-1,-1,0,0,1,4,1,1,0,0,1,1,E01002664,201201RG40344,4,3,2,1,21,5,3,0,0,1,0,0,9,1,London
2015-01-31,2015300012021,423430.0,346900.0,-1.652181,53.01889,30,3,1,1,7,22:20,329,E10000007,3,517,6,50,0,-1,-1,0,0,0,6,4,4,0,0,2,1,E01019607,2012130501322,2,1,1,2,24,5,3,0,0,0,0,0,9,1,Derbyshire Dales
2015-01-31,201537EA87593,646271.0,289279.0,1.622512,52.445925,37,3,2,1,7,07:10,416,E10000029,3,146,6,60,0,-1,-1,0,0,0,1,1,2,0,0,2,1,E01030293,201220N042532,2,1,1,1,30,6,3,0,0,0,0,0,9,1,East Suffolk
2015-01-31,201563DP01515,280940.0,212530.0,-3.727971,51.798703,63,3,1,1,7,21:50,753,W06000023,3,4067,6,40,0,-1,-1,0,0,0,4,3,3,0,0,2,1,W01000426,201243N183032,4,1,1,2,30,6,2,0,0,0,0,0,5,-1,
2015-01-31,201520J002075,394800.0,290550.0,-2.078052,52.512813,20,3,2,1,7,04:00,303,E08000027,3,459,3,30,0,-1,-1,0,0,0,4,8,2,0,0,1,2,E01009892,201211NI25482,2,3,2,2,24,5,3,0,0,1,0,0,9,-1,
2015-01-31,2015621500195,275303.0,196940.0,-3.804085,51.657372,62,3,2,1,7,17:50,743,W06000012,4,4434,6,30,0,-1,-1,0,0,0,4,1,1,0,0,1,1,W01000935,201242I266008,1,1,3,1,8,2,2,1,4,0,0,2,0,-1,
2015-01-31,201531C020715,456762.0,341508.0,-1.15629,52.967936,31,3,2,1,7,22:51,346,E06000018,3,6130,6,30,0,-1,-1,0,0,0,4,1,1,0,0,1,1,E01013843,201214C045312,1,2,2,2,-1,-1,3,0,0,1,0,0,9,1,City of Nottingham
2015-01-31,201531C016815,457467.0,339473.0,-1.146154,52.94957,31,3,2,1,7,15:50,346,E06000018,3,6008,2,30,3,4,6,0,0,0,1,1,1,4,0,1,2,E01033403,201214C042612,2,2,1,1,33,6,3,0,0,0,0,0,9,1,City of Nottingham
2015-01-31,2015100048915,439933.0,557327.0,-1.378691,54.909067,10,3,3,3,7,19:00,150,E08000024,3,1018,6,30,9,4,6,6034,0,0,4,1,1,0,0,1,1,E01008703,201205AA02038,2,1,1,1,48,8,3,0,0,0,0,0,3,1,Sunderland
2015-01-31,2015360087898,614989.0,278937.0,1.156366,52.366285,36,3,1,2,7,01:42,406,E10000020,5,578,6,30,3,4,5,582,0,0,4,8,2,0,0,2,1,E01026934,201220K010142,1,3,2,2,80,11,3,0,0,1,0,0,9,1,
2015-01-31,201501BS70042,527780.0,179690.0,-0.160434,51.501711,1,3,1,1,7,21:06,1,E09000033,3,4,6,30,3,2,3,3216,0,5,4,1,1,0,0,1,1,E01002818,201197ND01705,1,1,1,1,41,7,3,0,0,0,0,0,9,1,London
2015-01-31,2015520502041,329597.0,137032.0,-3.007462,51.128221,52,2,1,1,7,16:45,607,E10000027,6,0,6,30,0,-1,-1,0,0,0,1,1,1,0,0,1,1,E01029112,2012370494412,2,1,1,1,45,7,3,0,0,0,0,0,19,1,Sedgemoor
2015-01-31,201501EK40071,530340.0,182410.0,-0.122568,51.52557,1,3,1,1,7,10:22,2,E09000007,6,0,6,30,3,4,6,0,0,0,1,1,2,0,0,1,1,E01000937,201201BS70317,1,1,1,2,53,8,3,0,0,0,0,0,9,1,London